PKT,Max TemperatureC,Mean TemperatureC,Min TemperatureC,Dew PointC,MeanDew PointC,Min DewpointC,Max Humidity, Mean Humidity, Min Humidity, Max Sea Level PressurehPa, Mean Sea Level PressurehPa, Min Sea Level PressurehPa, Max VisibilityKm, Mean VisibilityKm, Min VisibilitykM, Max Wind SpeedKm/h, Mean Wind SpeedKm/h, Max Gust SpeedKm/h,Precipitationmm, CloudCover, Events,WindDirDegrees
2015-1-1,24,19,13,3,-1,-5,33,25,10,1019,1017,1015,6,3,0,55,26,,0.00,,,18
2015-1-2,26,20,14,10,4,-2,48,35,25,1020,1017,1015,6,5,2,39,18,,0.00,,,23
2015-1-3,27,19,12,14,8,3,70,46,20,1019,1017,1015,6,5,3,23,8,,0.00,,,309
2015-1-4,28,20,13,14,9,4,82,54,23,1020,1018,1016,8,6,3,16,8,,0.00,1,,70
2015-1-5,27,20,13,16,9,6,83,54,25,1021,1018,1016,6,5,3,14,8,,0.00,,,314
2015-1-6,27,20,13,18,14,10,88,66,29,1018,1016,1014,9,5,1,34,10,,0.00,2,,282
2015-1-7,29,22,15,19,15,10,88,70,30,1016,1015,1013,6,4,2,21,6,,0.00,1,,9
2015-1-8,28,21,13,16,12,8,83,62,32,1019,1016,1015,5,4,2,16,6,,0.00,2,,42
2015-1-9,27,21,14,19,15,12,94,75,42,1020,1017,1015,6,3,0,26,8,,0.00,2,Fog,77
2015-1-10,28,21,13,16,11,8,86,55,26,1021,1019,1017,5,3,1,14,8,,0.00,1,,78
2015-1-11,27,20,13,17,13,1,78,63,44,1021,1018,1016,7,4,1,224,23,,0.00,2,,283
2015-1-12,27,21,14,19,16,13,94,70,42,1019,1016,1014,7,5,2,27,10,,0.00,2,,260
2015-1-13,30,22,14,21,15,8,94,61,25,1016,1014,1010,7,5,1,23,10,,0.00,3,,290
2015-1-14,26,20,14,14,1,-7,68,31,6,1019,1016,1014,6,4,2,39,13,,0.00,,,33
2015-1-15,24,18,13,8,3,-4,63,38,16,1022,1020,1018,6,5,2,37,18,,0.00,,,40
2015-1-16,25,18,10,8,4,0,71,43,15,1023,1020,1018,8,5,3,27,14,,0.00,,,47
2015-1-17,25,18,10,7,3,-5,71,43,15,1022,1019,1017,7,5,3,16,8,,0.00,,,46
2015-1-18,27,18,9,21,2,-5,99,39,10,1021,1018,1015,8,6,3,21,8,,0.00,,,36
2015-1-19,27,18,9,8,2,-2,62,36,9,1018,1016,1013,7,6,3,23,8,,0.00,1,,47
2015-1-20,26,19,12,16,8,3,73,46,18,1015,1014,1012,6,5,3,27,18,,1.02,5,Rain,76
2015-1-21,25,20,14,14,9,3,88,55,25,1019,1017,1015,6,5,3,11,8,,0.25,5,Rain,8
2015-1-22,24,20,15,11,8,5,68,47,31,1021,1019,1017,6,5,2,27,11,,0.00,3,,49
2015-1-23,24,19,14,10,7,3,67,46,19,1022,1020,1018,6,5,3,130,14,,0.00,3,,44
2015-1-24,23,18,12,9,6,4,71,46,21,1023,1020,1018,7,5,3,121,14,,0.00,1,,45
2015-1-25,25,18,11,11,7,4,63,47,27,1022,1020,1018,6,5,3,23,10,,0.00,2,,37
2015-1-26,26,19,11,12,6,1,72,46,21,1023,1020,1018,7,5,3,19,6,,0.00,3,,49
2015-1-27,25,18,11,9,1,-9,72,37,7,1022,1020,1015,10,6,3,19,10,,0.00,,,44
2015-1-28,23,17,11,8,-2,-5,55,28,10,1021,1019,1016,10,6,3,24,10,,0.00,,,48
2015-1-29,26,18,10,15,6,-2,77,47,21,1021,1019,1017,7,5,3,24,8,,0.00,,,353
2015-1-30,28,19,11,15,5,-2,92,44,12,1023,1020,1018,7,5,3,23,8,,0.00,,,41
2015-1-31,27,19,11,17,12,5,78,59,42,1020,1016,1014,7,5,3,27,11,,0.00,1,,262
2015-2-1,27,19,12,20,17,16,83,72,53,1015,1014,1012,7,5,3,29,11,,0.00,4,,236
2015-2-2,26,21,17,18,9,6,88,46,22,1019,1015,1012,6,4,3,35,16,,0.00,3,,59
2015-2-3,27,21,14,11,7,5,63,42,21,1023,1021,1019,7,5,3,82,16,,0.00,1,,47
2015-2-4,28,21,13,10,6,2,63,40,15,1024,1022,1020,8,5,3,29,11,,0.00,,,44
2015-2-5,28,21,14,11,6,1,67,39,18,1021,1019,1016,8,6,3,19,10,,0.00,2,,43
2015-2-6,28,20,12,17,7,1,73,41,19,1019,1016,1014,7,6,3,21,8,,0.00,,,309
2015-2-7,27,20,13,16,9,5,77,50,21,1017,1015,1013,7,5,3,29,8,,0.00,1,,325
2015-2-8,27,21,14,18,8,5,77,48,20,1020,1017,1015,7,5,3,23,10,,0.00,3,,45
2015-2-9,27,21,14,11,5,1,63,37,12,1023,1020,1017,6,5,3,37,16,,0.00,,,33
2015-2-10,28,22,16,8,2,-1,45,27,12,1023,1020,1017,6,5,3,23,13,,0.00,,,14
2015-2-11,28,21,13,16,7,2,68,40,18,1020,1017,1015,6,5,2,21,10,,0.00,,,297
2015-2-12,31,23,14,19,14,9,88,60,27,1018,1016,1013,6,5,2,34,10,,0.00,3,,248
2015-2-13,29,22,16,20,18,16,88,70,45,1016,1014,1012,7,6,3,34,19,,0.00,3,,256
2015-2-14,30,26,22,22,19,18,85,70,48,1013,1011,1010,6,5,3,29,18,,0.00,5,,257
2015-2-15,28,24,20,21,18,17,84,70,50,1014,1012,1009,6,5,3,23,11,,0.00,3,,270
2015-2-16,31,26,21,21,18,10,95,66,27,1014,1012,1010,6,5,3,37,16,,0.00,2,,259
2015-2-17,31,25,19,21,17,12,94,67,25,1016,1013,1011,6,4,2,26,13,,0.00,1,,216
2015-2-18,29,24,19,21,18,8,94,70,48,1014,1011,1009,6,5,2,21,10,,0.00,2,,228
2015-2-19,29,24,19,21,19,17,88,73,49,1012,1010,1008,7,5,2,24,11,,0.00,3,,237
2015-2-20,31,25,19,22,20,18,90,73,48,1015,1012,1010,6,5,3,19,10,,0.00,2,,256
2015-2-21,33,26,18,21,14,6,94,56,20,1018,1015,1012,6,3,0,26,8,,0.00,4,Fog,34
2015-2-22,34,27,19,20,14,11,76,49,25,1017,1014,1012,6,5,3,23,10,,0.00,4,,123
2015-2-23,29,24,20,21,17,14,85,63,39,1015,1013,1012,7,5,3,34,14,,0.00,3,,230
2015-2-24,27,23,19,16,7,0,61,37,16,1014,1012,1009,6,5,3,40,26,,0.00,4,,252
2015-2-25,25,21,17,6,-3,-8,38,20,5,1015,1012,1010,8,6,3,29,21,32,0.00,2,,269
2015-2-26,27,21,14,9,-1,-9,48,26,6,1015,1012,1010,10,6,3,27,10,,0.00,,,306
2015-2-27,28,21,13,13,6,-5,52,36,12,1014,1012,1010,8,6,3,19,8,,0.00,4,Rain-Thunderstorm,70
2015-2-28,22,18,14,14,8,6,68,49,27,1015,1011,1007,7,5,3,47,21,48,0.00,7,Rain-Thunderstorm,35
2015-3-1,23,19,15,9,6,5,59,43,27,1012,1009,1001,9,6,3,52,31,61,0.00,3,Thunderstorm,31
2015-3-2,26,20,14,14,9,3,82,50,16,1015,1013,1011,8,6,3,34,13,,0.00,2,,195
2015-3-3,27,22,17,15,11,7,60,49,34,1016,1014,1012,8,6,3,29,13,,0.00,3,,257
2015-3-4,27,21,15,17,13,11,77,58,35,1015,1013,1011,8,6,3,32,11,,0.00,2,,240
2015-3-5,28,22,16,20,17,15,83,66,43,1016,1014,1012,7,6,3,27,14,,0.00,4,,232
2015-3-6,30,24,18,19,16,12,94,62,33,1019,1016,1014,8,5,3,122,11,,0.00,2,,99
2015-3-7,29,24,19,19,10,-4,78,46,6,1016,1014,1012,6,4,1,26,10,,0.00,4,,275
2015-3-8,30,24,18,11,-3,-14,49,20,4,1018,1016,1014,8,5,2,32,14,,0.00,2,,319
2015-3-9,30,22,15,11,-2,-14,59,23,4,1022,1020,1016,7,6,3,32,11,,0.00,,,49
2015-3-10,28,22,16,6,0,-7,37,22,8,1023,1020,1017,7,5,3,40,23,,0.00,,,42
2015-3-11,30,23,16,6,2,-3,45,25,8,1020,1017,1014,8,6,3,27,13,35,0.00,3,,37
2015-3-12,33,26,18,10,2,-1,31,21,8,1019,1016,1014,8,6,3,48,16,64,0.00,2,,45
2015-3-13,28,23,19,14,9,1,73,40,18,1016,1014,1011,7,5,3,23,11,,0.51,4,Rain-Thunderstorm,306
2015-3-14,27,22,18,17,11,4,88,52,24,1015,1013,1011,9,6,3,40,13,,1.02,4,Rain-Hail-Thunderstorm,249
2015-3-15,27,21,15,14,10,7,63,48,30,1015,1013,1011,8,6,3,24,10,,0.00,2,,117
2015-3-16,34,25,16,19,13,3,83,54,19,1019,1016,1014,7,6,3,27,10,,0.00,1,,284
2015-3-17,33,26,18,19,13,4,88,52,14,1021,1018,1016,9,6,3,24,8,,0.00,2,,348
2015-3-18,32,25,18,17,11,5,68,42,18,1017,1015,1012,8,6,3,26,8,,0.00,1,,266
2015-3-19,30,25,20,21,18,14,88,65,50,1015,1014,1012,8,6,3,32,11,,0.00,1,,247
2015-3-20,34,27,21,22,17,14,78,51,31,1016,1014,1012,7,6,3,26,10,,0.00,,,244
2015-3-21,35,29,23,22,18,12,83,58,25,1017,1015,1013,7,5,3,21,6,,0.00,1,,230
2015-3-22,37,29,21,20,16,12,78,47,20,1017,1014,1012,7,5,3,23,8,,0.00,2,,262
2015-3-23,39,31,23,19,14,5,73,45,13,1014,1012,1010,7,6,3,27,8,,0.00,,,273
2015-3-24,34,29,23,22,18,13,83,57,29,1016,1011,1009,7,6,3,34,13,,0.00,2,,255
2015-3-25,36,28,21,23,19,13,88,59,26,1012,1011,1009,7,5,2,24,8,,0.00,4,,198
2015-3-26,38,30,22,20,15,6,61,39,15,1014,1012,1010,7,6,3,24,6,,0.00,5,,339
2015-3-27,39,32,25,19,16,12,61,39,18,1014,1012,1010,7,6,3,27,10,,0.00,2,,311
2015-3-28,37,31,25,21,16,12,65,43,22,1012,1010,1009,7,6,3,37,11,,0.00,4,,254
2015-3-29,35,30,25,18,9,4,51,29,13,1011,1009,1006,7,6,3,37,13,,0.00,3,,272
2015-3-30,35,28,21,18,9,-1,73,36,8,1012,1009,1007,7,6,3,37,13,,0.00,,,276
2015-3-31,33,27,21,20,16,9,74,52,31,1013,1010,1008,8,6,3,24,8,,0.00,,,251
2015-4-1,31,27,23,23,21,19,79,69,52,1010,1008,1006,7,6,3,37,21,,0.00,4,,245
2015-4-2,31,28,24,23,22,20,83,73,51,1009,1007,1006,7,5,3,34,21,,0.00,4,,244
2015-4-3,29,27,24,24,22,21,83,73,64,1007,1005,1003,7,5,3,40,27,,0.00,5,,234
2015-4-4,32,28,24,23,20,18,74,65,47,1007,1005,1003,4,4,2,27,16,,0.00,4,,241
2015-4-5,31,27,23,21,19,17,78,61,44,1008,1007,1004,6,5,3,24,13,,0.00,2,,243
2015-4-6,32,28,24,22,19,17,83,63,43,1009,1007,1005,6,5,3,29,13,,0.00,1,,242
2015-4-7,35,29,24,23,19,13,83,60,28,1010,1008,1007,7,5,3,26,8,,0.00,,,250
2015-4-8,37,30,23,21,16,10,88,46,18,1015,1011,1009,7,5,3,23,8,,0.00,3,,269
2015-4-9,38,31,23,16,8,3,45,25,8,1013,1011,1009,7,5,3,21,10,,0.00,1,,323
2015-4-10,39,31,24,18,7,1,45,23,5,1010,1009,1006,6,5,3,26,11,,0.00,2,,276
2015-4-11,34,30,25,24,20,12,83,60,19,1011,1009,1007,6,5,3,29,14,,0.00,2,,240
2015-4-12,37,31,25,23,19,11,83,56,16,1013,1011,1008,7,5,3,23,13,,0.00,2,,116
2015-4-13,39,32,24,23,14,6,78,39,10,1014,1012,1009,7,6,3,19,10,,0.00,3,,245
2015-4-14,38,31,24,21,11,5,57,28,12,1013,1011,1008,8,6,3,34,11,,0.00,1,,260
2015-4-15,40,32,25,13,8,0,34,21,10,1013,1011,1009,9,6,3,23,11,,0.00,2,,279
2015-4-16,41,33,27,20,11,6,42,26,11,1014,1012,1010,7,6,3,23,11,,0.00,,,270
2015-4-17,36,32,27,23,19,14,66,46,32,1013,1010,1008,7,6,3,26,13,,0.00,,,249
2015-4-18,35,31,27,23,20,16,66,53,38,1008,1006,1003,7,6,3,29,19,,0.00,2,,234
2015-4-19,35,31,27,22,18,12,66,45,23,1008,1006,1003,7,6,3,34,18,,0.00,,,227
2015-4-20,39,33,27,22,17,9,61,41,18,1010,1008,1006,6,5,3,27,19,,0.00,,,237
2015-4-21,37,31,25,22,15,5,61,37,13,1011,1009,1008,7,6,3,24,13,,0.00,,,230
2015-4-22,37,31,26,22,17,3,74,47,8,1009,1007,1005,7,6,3,29,16,,0.00,,,244
2015-4-23,37,31,26,22,18,11,70,51,16,1009,1007,1006,7,6,3,27,19,,0.00,,,236
2015-4-24,36,30,25,24,21,17,74,59,34,1009,1007,1005,7,6,3,26,16,,0.00,,,233
2015-4-25,36,31,25,25,22,20,83,64,39,1008,1005,1003,7,6,3,26,13,,0.00,,,230
2015-4-26,37,32,26,26,23,15,84,64,27,1008,1006,1004,7,6,3,34,13,,0.00,3,,230
2015-4-27,34,31,27,26,24,23,84,69,52,1009,1008,1006,7,5,3,26,16,,0.00,3,,229
2015-4-28,38,32,26,26,21,14,79,54,27,1010,1008,1007,6,4,3,29,18,,0.00,3,,234
2015-4-29,36,30,25,25,21,17,78,58,34,1008,1007,1005,6,5,3,27,14,,0.00,,,230
2015-4-30,39,33,27,25,19,8,79,47,16,1009,1007,1001,9,6,3,27,18,,0.00,,,237
2015-5-1,43,34,25,22,12,0,57,29,5,1010,1008,1006,7,6,3,23,8,,0.00,,,253
2015-5-2,39,32,26,31,18,11,74,43,24,1009,1007,1005,7,6,3,21,13,,0.00,,,233
2015-5-3,35,30,26,24,21,11,79,55,35,1009,1007,1005,7,6,3,24,13,,0.00,1,,226
2015-5-4,35,30,26,25,23,20,84,64,43,1010,1009,1007,7,6,3,23,14,,0.00,1,,225
2015-5-5,35,31,26,26,23,21,79,66,42,1009,1008,1006,7,6,3,26,14,,0.00,2,,246
2015-5-6,35,31,26,25,23,21,82,68,46,1008,1006,1005,7,6,3,27,16,,0.00,3,,244
2015-5-7,34,31,27,26,23,22,79,66,52,1008,1007,1006,6,6,3,35,19,,0.00,3,,229
2015-5-8,34,31,27,26,23,21,84,68,49,1009,1007,1005,7,5,3,27,18,,0.00,2,,226
2015-5-9,35,31,27,26,23,21,84,67,49,1007,1005,1004,7,6,3,27,16,,0.00,4,,214
2015-5-10,35,31,27,26,24,21,79,66,46,1007,1006,1004,8,6,3,26,18,,0.00,4,,235
2015-5-11,35,31,28,28,24,22,77,67,48,1007,1006,1004,7,6,3,200,19,,0.00,4,,230
2015-5-12,37,32,28,27,24,21,84,65,41,1008,1006,1004,7,6,3,27,16,,0.00,3,,218
2015-5-13,35,32,28,27,24,22,84,68,52,1008,1006,1004,7,5,3,24,11,,0.00,2,,221
2015-5-14,36,31,27,27,24,20,86,66,41,1010,1008,1006,7,6,3,23,13,,0.00,1,,214
2015-5-15,38,33,28,26,22,17,82,61,26,1010,1008,1007,7,6,3,26,18,,0.00,1,,240
2015-5-16,35,31,27,28,24,22,87,68,49,1007,1005,1003,8,6,3,34,16,52,0.00,2,,239
2015-5-17,35,31,27,26,24,11,84,65,27,1004,1003,1001,7,6,3,29,21,,0.00,2,,233
2015-5-18,36,32,28,27,24,22,79,65,47,1005,1003,1002,7,6,3,26,19,,0.00,4,,226
2015-5-19,36,32,28,26,24,22,74,65,48,1006,1005,1003,7,6,3,27,19,,0.00,5,,222
2015-5-20,36,32,28,27,25,23,79,67,49,1007,1006,1004,7,6,3,27,21,,0.00,3,,240
2015-5-21,36,32,28,27,24,23,79,66,47,1007,1006,1004,7,6,3,34,21,,0.00,3,,233
2015-5-22,36,32,28,27,24,22,79,66,43,1006,1004,1002,7,6,3,34,23,,0.00,2,,237
2015-5-23,36,32,29,27,24,22,79,65,47,1005,1003,1001,7,6,3,34,23,,0.00,1,,225
2015-5-24,37,33,29,27,24,19,79,63,35,1005,1003,1002,6,5,3,45,21,,0.00,2,,228
2015-5-25,36,32,28,28,25,22,86,69,44,1006,1004,1003,6,5,3,40,23,,0.00,2,,238
2015-5-26,36,32,28,27,25,23,82,68,47,1007,1005,1003,7,6,3,34,21,,0.00,4,,227
2015-5-27,36,32,28,27,25,24,81,68,53,1007,1005,1002,7,6,3,29,19,,0.00,2,,234
2015-5-28,36,32,29,28,24,21,83,67,43,1005,1004,1002,7,6,3,32,19,,0.00,2,,227
2015-5-29,36,32,28,26,23,18,84,63,36,1007,1005,1003,7,6,3,23,16,,0.00,2,,214
2015-5-30,35,31,28,26,24,22,79,65,47,1007,1006,1004,7,6,3,32,21,,0.00,3,,233
2015-5-31,36,32,28,28,25,24,84,68,52,1005,1003,1001,7,6,3,27,18,,0.00,3,,228
2015-6-1,36,32,29,28,26,24,86,71,53,1002,999,997,7,6,3,26,16,,0.00,3,,221
2015-6-2,40,34,29,28,25,19,86,63,31,1004,1001,999,6,5,3,37,18,,0.00,3,,201
2015-6-3,36,32,28,27,23,15,79,58,42,1006,1004,1002,31,5,0,177,19,69,0.00,3,,89
2015-6-4,38,32,26,21,15,11,54,36,16,1009,1007,1005,7,5,2,55,23,,0.00,3,Thunderstorm,24
2015-6-5,39,33,28,23,16,11,66,36,16,1009,1007,1005,6,5,3,32,16,,0.00,1,,252
2015-6-6,36,31,25,26,23,19,78,60,39,1007,1005,1002,7,6,3,27,19,,0.00,3,,234
2015-6-7,36,32,28,27,24,20,79,62,44,1004,1002,1000,7,6,3,34,21,,0.00,2,,229
2015-6-8,35,32,28,27,23,16,79,63,38,1005,1003,1002,7,6,3,23,14,,0.00,6,,221
2015-6-9,36,32,29,25,22,20,70,55,45,1005,1004,1002,7,6,3,26,14,,0.00,4,,194
2015-6-10,36,32,29,26,23,20,74,60,40,1005,1003,1002,8,7,3,26,14,,0.00,2,,210
2015-6-11,35,32,29,26,23,21,74,59,10,1005,1004,1003,7,6,3,26,18,,0.00,3,,221
2015-6-12,36,32,29,26,24,21,74,61,40,1005,1003,1001,8,6,3,27,18,,0.00,2,,228
2015-6-13,36,32,28,27,24,22,74,61,43,1002,1001,999,7,6,3,37,24,,0.00,4,,236
2015-6-14,35,32,29,27,24,23,74,64,52,1001,1000,998,6,5,3,47,31,,0.00,4,,241
2015-6-15,35,32,29,26,24,22,74,63,46,1001,1000,998,7,6,3,45,29,,0.00,4,,241
2015-6-16,36,30,25,27,24,23,89,65,49,1002,1000,997,7,6,3,29,19,,0.00,4,,239
2015-6-17,37,33,29,27,24,15,79,62,28,1001,1000,997,7,6,3,27,16,,0.00,3,,249
2015-6-18,39,34,29,27,23,19,74,52,31,1003,999,997,7,6,3,26,13,,0.00,1,,268
2015-6-19,40,36,31,28,22,19,68,48,28,999,998,995,7,6,3,23,13,,0.00,1,,262
2015-6-20,44,38,31,27,22,15,70,45,18,998,995,992,8,6,3,27,11,,0.00,2,,258
2015-6-21,42,38,33,26,21,17,59,37,16,997,995,993,8,6,3,34,13,,0.00,2,Rain,64
2015-6-22,42,38,33,28,22,18,55,42,30,996,994,992,7,5,3,37,13,,0.00,3,Thunderstorm,82
2015-6-23,41,37,32,27,23,16,66,47,27,996,994,992,7,6,3,34,13,,0.00,1,Thunderstorm,252
2015-6-24,37,33,30,27,25,23,73,62,44,996,995,992,6,5,3,37,21,,0.00,3,Thunderstorm,243
2015-6-25,37,33,30,28,26,24,75,64,49,997,995,993,6,5,3,27,18,,0.00,5,,225
2015-6-26,37,33,30,28,25,24,75,64,50,998,996,994,6,5,3,34,19,,0.00,3,,221
2015-6-27,36,33,30,28,25,23,74,62,46,1000,998,996,7,6,3,32,21,,0.00,3,,235
2015-6-28,37,33,30,28,26,24,75,63,50,1003,1001,999,7,6,3,34,21,,0.00,3,,242
2015-6-29,36,33,30,28,25,20,77,64,41,1005,1003,1002,7,6,3,39,23,,0.00,3,,245
2015-6-30,35,32,29,27,24,22,77,62,47,1004,1003,1001,6,5,3,45,29,,0.00,4,,250
2015-7-1,35,32,30,26,24,22,70,61,48,1005,1003,1002,7,6,3,40,26,,0.00,5,,236
2015-7-2,35,32,29,26,23,22,70,60,46,1006,1004,1003,7,6,3,42,31,,0.00,4,,243
2015-7-3,35,32,29,26,23,22,74,59,48,1006,1004,1003,6,5,3,48,31,,0.00,5,,245
2015-7-4,35,32,29,26,24,22,73,61,47,1005,1003,1002,6,5,3,45,34,,0.00,5,Rain,246
2015-7-5,33,31,29,27,24,6,74,66,11,1003,1000,998,6,5,3,47,32,,0.00,6,,247
2015-7-6,34,32,29,28,26,25,79,71,59,998,996,995,6,6,3,34,26,,0.00,6,,236
2015-7-7,35,32,29,27,26,24,79,69,56,1000,997,995,7,6,3,40,31,,0.00,6,,242
2015-7-8,34,32,29,27,24,23,79,67,55,1003,1001,998,7,6,3,34,19,,0.00,6,Rain,234
2015-7-9,34,32,30,26,24,21,75,64,49,1003,1001,1000,6,5,3,39,29,,0.00,6,,248
2015-7-10,34,31,29,26,24,22,70,64,51,1001,998,995,6,5,3,47,29,,0.00,6,,244
2015-7-11,35,32,30,28,24,23,77,66,52,1001,998,996,6,6,3,29,19,,0.00,6,,234
2015-7-12,35,32,29,27,24,23,77,65,48,1004,1002,1000,7,6,3,27,14,,0.00,4,,235
2015-7-13,36,32,28,26,23,22,77,61,47,1005,1003,1001,7,6,3,32,18,,0.00,3,,241
2015-7-14,34,32,29,26,23,22,70,62,49,1004,1002,1000,7,6,3,34,23,,0.00,5,,246
2015-7-15,33,31,29,26,23,22,74,64,55,1001,998,997,6,6,3,45,29,,0.00,6,,248
2015-7-16,34,31,29,26,24,15,79,68,40,997,995,993,6,6,3,40,23,,0.00,4,,243
2015-7-17,34,32,30,27,25,23,77,69,56,998,995,993,6,6,3,32,21,,0.00,6,,234
2015-7-18,34,32,29,27,24,23,79,67,51,1001,999,997,7,6,3,32,16,,0.00,6,,230
2015-7-19,34,31,28,26,24,22,74,64,48,1006,999,997,7,6,3,37,24,,0.00,6,Rain,235
2015-7-20,34,31,29,26,23,21,74,62,46,1000,999,997,8,7,3,29,24,,0.00,5,,242
2015-7-21,36,31,25,27,24,22,83,64,44,1004,1000,998,7,5,3,42,16,,0.00,5,Rain-Thunderstorm,248
2015-7-22,35,30,24,28,24,23,84,71,52,1003,1001,999,7,5,3,27,13,,0.25,6,Rain-Thunderstorm,262
2015-7-23,33,29,26,27,26,23,96,75,62,1003,1001,999,7,5,0,35,13,,27.94,7,Rain-Thunderstorm,266
2015-7-24,34,32,29,28,26,24,91,72,59,1003,1002,1000,7,6,3,23,11,,0.00,5,Thunderstorm,254
2015-7-25,32,30,28,27,25,24,89,75,62,1010,1001,999,7,6,3,29,18,,0.51,7,Rain,246
2015-7-26,30,28,27,27,25,23,94,82,70,1001,1000,997,6,5,2,29,18,,5.08,7,Rain-Hail-Thunderstorm,242
2015-7-27,30,27,24,26,24,5,89,76,22,1001,1000,998,7,5,3,34,19,,2.03,7,Rain-Hail-Thunderstorm,255
2015-7-28,31,28,25,26,24,24,82,75,66,1001,999,998,7,5,3,40,27,,1.02,7,Rain-Thunderstorm,248
2015-7-29,32,30,27,26,24,22,82,71,55,1002,1000,999,7,6,3,188,23,,0.00,5,,232
2015-7-30,32,29,27,25,23,23,84,72,58,1002,1001,1000,7,6,3,29,23,,0.00,5,,230
2015-7-31,31,29,28,25,23,22,79,69,55,1002,1001,1000,7,6,3,37,24,,0.00,6,,228
2015-8-1,32,29,27,25,22,-22,79,66,4,1005,1003,1002,7,6,3,37,24,,0.00,6,,232
2015-8-2,33,30,27,25,22,19,77,64,46,1007,1005,1004,7,6,3,29,21,,0.00,5,,232
2015-8-3,31,29,27,24,22,20,74,65,52,1006,1005,1004,7,6,3,27,19,,0.00,5,,241
2015-8-4,32,29,27,24,22,21,78,66,52,1005,1003,1002,7,6,3,35,23,,0.00,5,,245
2015-8-5,30,28,27,24,22,2,74,66,18,1003,1001,1000,6,5,3,39,26,,0.00,6,Rain,240
2015-8-6,31,28,26,24,23,22,79,70,57,1001,1000,999,7,6,3,27,19,,0.00,6,Rain,238
2015-8-7,31,29,26,24,23,22,79,71,58,1003,1001,1000,8,6,3,23,18,,0.00,6,,233
2015-8-8,30,28,27,24,23,22,77,69,62,1003,1002,1000,7,6,3,26,18,,0.00,6,,227
2015-8-9,32,29,26,24,22,20,79,68,52,1002,1000,999,7,6,3,130,16,,0.00,6,,229
2015-8-10,31,29,27,25,22,21,77,66,54,1003,1001,1000,6,5,3,19,13,,0.00,5,,224
2015-8-11,33,29,26,25,22,21,83,67,50,1005,1003,1002,8,6,3,19,8,,0.00,3,,233
2015-8-12,33,29,26,25,22,20,77,63,44,1006,1004,1003,7,6,3,24,13,,0.00,3,,229
2015-8-13,34,31,27,25,23,3,79,65,19,1005,1004,1002,7,6,3,23,14,,0.00,4,,235
2015-8-14,33,30,27,26,23,22,79,67,52,1004,1003,1001,7,6,3,26,16,,0.00,5,,234
2015-8-15,34,31,28,26,24,22,79,68,49,1006,1004,1002,7,6,3,24,16,,0.00,4,,231
2015-8-16,34,31,27,26,23,21,79,65,45,1007,1005,1001,8,6,3,26,18,,0.00,5,,239
2015-8-17,33,31,28,25,23,21,79,65,49,1005,1004,1003,8,6,3,27,21,,0.00,4,,242
2015-8-18,34,31,27,25,22,20,77,63,44,1006,1005,1003,8,6,3,27,19,,0.00,4,,239
2015-8-19,33,30,27,25,22,19,77,63,43,1007,1006,1005,7,6,3,35,23,,0.00,4,,236
2015-8-20,32,29,27,25,22,20,79,65,48,1006,1005,1003,6,5,3,42,26,,0.00,5,,240
2015-8-21,31,28,26,25,23,22,77,70,62,1005,1004,1003,7,6,3,40,29,,0.00,6,Rain,233
2015-8-22,30,28,25,26,24,22,89,77,65,1004,1003,1001,7,6,3,34,23,,0.51,6,Rain-Thunderstorm,230
2015-8-23,30,28,26,25,23,23,84,74,66,1004,1003,1002,7,6,3,29,21,,0.00,6,Rain-Snow,234
2015-8-24,32,29,26,25,23,21,82,68,51,1007,1005,1004,7,6,3,34,21,,0.00,5,,231
2015-8-25,31,29,27,25,23,20,74,69,55,1007,1005,1003,7,6,3,29,18,,0.00,5,,233
2015-8-26,36,31,26,24,22,21,74,67,44,1005,1004,1002,7,6,3,29,21,,0.00,6,,241
2015-8-27,32,29,26,25,23,22,79,67,54,1005,1003,1002,7,6,3,23,18,,0.00,6,,226
2015-8-28,32,30,27,25,23,22,77,67,51,1006,1004,1003,7,6,3,235,18,,0.00,5,,225
2015-8-29,33,30,27,25,23,22,77,66,53,1006,1004,1003,7,6,3,26,14,,0.00,4,,234
2015-8-30,32,30,27,25,23,3,74,68,17,1005,1004,1002,7,6,3,26,16,,0.00,5,,225
2015-8-31,32,29,26,25,23,22,79,68,54,1006,1004,1002,7,6,3,185,23,,0.00,6,,224
2015-9-1,32,29,26,24,21,19,79,63,45,1006,1005,1003,7,6,3,23,16,,0.00,4,,225
2015-9-2,32,28,25,23,21,17,74,61,45,1006,1004,1003,7,6,3,29,18,,0.00,5,,228
2015-9-3,32,29,26,24,21,19,73,61,44,1009,1006,1005,7,6,3,27,13,,0.00,4,,228
2015-9-4,34,30,26,24,21,20,78,64,41,1013,1011,1008,7,6,3,14,8,,0.00,3,,228
2015-9-5,34,29,25,24,21,18,78,62,37,1013,1011,1009,7,6,3,26,16,,0.00,2,,242
2015-9-6,32,29,26,24,22,21,74,65,48,1011,1009,1007,7,6,3,34,21,,0.00,4,,239
2015-9-7,33,29,26,24,22,21,79,67,50,1009,1008,1006,7,6,3,24,19,,0.00,5,,227
2015-9-8,33,29,26,24,22,21,79,65,47,1009,1008,1006,8,6,3,23,14,,0.00,2,,229
2015-9-9,33,30,26,24,22,21,77,63,47,1010,1008,1006,7,6,3,27,14,,0.00,2,,233
2015-9-10,33,30,27,24,23,22,79,66,47,1011,1009,1007,7,6,3,24,13,,0.00,3,,235
2015-9-11,36,30,25,24,21,18,78,58,33,1011,1009,1007,8,6,3,19,11,,0.00,2,,233
2015-9-12,37,31,26,25,22,17,79,60,30,1010,1008,1006,7,6,3,23,14,,0.00,2,,243
2015-9-13,35,30,26,24,22,20,79,64,44,1011,1009,1007,7,6,3,29,16,,0.00,3,,242
2015-9-14,33,30,27,28,23,22,79,66,52,1009,1007,1004,7,6,3,29,18,,0.00,4,,234
2015-9-15,33,30,27,24,23,22,74,65,52,1006,1005,1003,7,6,3,26,18,,0.00,4,,233
2015-9-16,33,30,27,24,22,21,79,64,47,1006,1005,1003,8,6,3,26,13,,0.00,3,,232
2015-9-17,35,31,27,25,23,21,84,67,44,1007,1005,1002,7,6,3,23,14,,0.00,3,,245
2015-9-18,39,32,26,26,22,17,83,60,27,1007,1005,1003,7,5,3,26,10,,0.00,4,,253
2015-9-19,42,34,27,24,18,8,74,43,13,1005,1002,999,7,6,2,24,11,,0.00,4,,280
2015-9-20,42,35,28,25,16,8,66,37,12,1003,1001,998,7,6,3,29,10,,0.00,2,,320
2015-9-21,39,33,28,25,21,17,74,52,27,1003,1001,999,7,5,0,55,10,,0.00,4,,208
2015-9-22,36,32,28,25,20,14,84,55,28,1005,1003,1001,7,5,3,21,8,,0.00,1,,199
2015-9-23,34,29,25,24,21,18,74,58,44,1009,1007,1004,8,6,3,29,14,,0.00,1,,212
2015-9-24,33,29,26,24,22,20,74,63,47,1009,1007,1006,7,6,3,27,16,,0.00,3,,230
2015-9-25,33,30,27,24,22,20,74,64,49,1008,1006,1005,10,7,3,39,23,,0.00,4,,235
2015-9-26,33,29,26,24,22,21,78,65,50,1009,1007,1005,7,6,3,34,18,,0.00,3,,237
2015-9-27,33,29,26,24,22,20,74,64,44,1010,1008,1007,8,6,3,26,16,,0.00,3,,234
2015-9-28,34,30,25,24,22,20,83,66,42,1012,1009,1008,7,6,3,23,11,,0.00,2,,226
2015-9-29,36,30,25,23,21,13,83,60,28,1013,1011,1009,7,6,3,23,8,,0.00,2,,229
2015-9-30,40,31,23,22,12,5,78,36,12,1015,1013,1012,8,5,3,23,6,,0.00,,,296
2015-10-1,41,32,23,16,8,5,36,22,10,1015,1012,1010,9,7,3,19,8,,0.00,3,,283
2015-10-2,41,32,23,19,11,5,50,29,9,1014,1012,1010,6,5,3,23,5,,0.00,,,240
2015-10-3,39,31,23,25,16,8,79,42,15,1012,1010,1008,7,6,3,26,11,,0.00,,,242
2015-10-4,34,30,26,26,23,22,84,69,54,1011,1009,1007,7,6,3,26,14,,0.00,3,,229
2015-10-5,34,30,27,25,23,22,82,66,51,1012,1010,1008,7,5,3,23,11,,0.00,2,,226
2015-10-6,34,30,25,24,22,19,83,65,43,1012,1010,1008,7,6,3,19,10,,0.00,2,,226
2015-10-7,34,30,25,25,23,20,83,66,46,1012,1010,1001,6,5,3,23,13,,0.00,2,,233
2015-10-8,37,31,25,26,23,17,84,67,30,1012,1010,1007,7,5,3,26,11,,0.00,1,Fog,251
2015-10-9,34,30,26,25,23,19,82,67,46,1010,1007,1005,8,5,2,23,11,,0.00,3,,233
2015-10-10,33,30,26,25,23,21,79,66,51,1008,1007,1005,6,5,3,26,16,,0.00,3,,229
2015-10-11,34,30,27,26,23,22,79,67,48,1011,1009,1006,7,6,3,23,13,,0.00,4,,209
2015-10-12,34,30,27,25,22,21,77,64,47,1013,1011,1010,7,5,3,19,11,,0.00,2,,216
2015-10-13,35,30,24,24,19,11,83,59,23,1014,1012,1010,7,6,3,23,10,,0.00,3,,235
2015-10-14,36,30,25,24,21,16,83,59,32,1015,1013,1011,8,6,2,23,13,,0.00,1,,246
2015-10-15,37,31,26,24,20,15,79,54,27,1016,1013,1012,7,6,3,148,14,,0.00,1,,253
2015-10-16,36,31,27,25,22,17,84,63,32,1015,1014,1012,7,6,3,19,13,,0.00,1,,247
2015-10-17,37,31,25,24,20,7,83,55,18,1015,1013,1011,7,5,3,23,10,,0.00,,,253
2015-10-18,37,32,27,25,22,12,89,63,22,1016,1013,1011,7,5,3,23,13,,0.00,2,,255
2015-10-19,35,31,27,25,23,19,82,64,41,1016,1013,1011,8,6,3,26,13,,0.00,2,,239
2015-10-20,35,31,26,25,22,13,84,63,31,1013,1011,1009,7,5,1,45,11,,0.00,2,Thunderstorm,231
2015-10-21,36,31,25,23,18,12,79,49,26,1013,1011,1009,7,5,1,19,3,,0.00,3,,285
2015-10-22,37,31,25,23,18,13,74,49,23,1015,1013,1011,6,5,2,21,6,,0.00,1,,257
2015-10-23,37,31,25,24,19,7,79,56,16,1015,1012,1011,8,6,3,34,10,,0.00,,,234
2015-10-24,34,29,25,24,21,3,89,65,24,1013,1011,1009,7,6,3,26,11,,0.00,1,,233
2015-10-25,34,29,25,24,22,21,79,64,47,1013,1011,1009,7,6,3,26,13,,0.00,2,,233
2015-10-26,34,29,23,24,16,13,83,48,24,1016,1014,1012,7,6,3,29,10,,0.00,1,,53
2015-10-27,34,28,22,21,14,12,53,39,24,1018,1015,1013,7,6,3,29,13,,0.00,2,,21
2015-10-28,34,29,23,17,13,11,57,39,23,1017,1015,1012,8,6,3,26,14,,0.00,1,,42
2015-10-29,33,27,21,16,6,1,53,30,9,1018,1016,1013,8,6,3,26,14,,0.00,1,,28
2015-10-30,33,27,20,9,6,3,40,26,11,1018,1016,1013,8,6,3,29,14,,0.00,,,28
2015-10-31,33,27,20,12,7,5,43,27,13,1017,1015,1013,8,6,3,27,14,,0.00,,,32
2015-11-1,33,28,22,11,7,4,41,27,13,1017,1014,1012,6,5,3,27,16,,0.00,,,23
2015-11-2,34,28,22,17,8,5,40,28,16,1017,1015,1012,8,5,3,24,14,,0.00,,,23
2015-11-3,35,28,21,17,10,7,61,33,17,1017,1015,1012,6,4,3,19,8,,0.00,,,337
2015-11-4,34,27,20,24,17,13,74,52,24,1015,1012,1010,6,5,2,26,6,,0.00,1,,225
2015-11-5,36,28,21,24,15,-1,89,48,5,1014,1012,1011,9,5,2,19,11,,0.00,2,,292
2015-11-6,33,27,20,9,2,-7,37,21,7,1016,1013,1011,6,6,3,23,8,,0.00,,,41
2015-11-7,33,26,19,14,6,2,50,29,13,1018,1015,1012,6,5,3,21,8,,0.00,,,29
2015-11-8,33,26,18,13,8,2,56,34,11,1019,1016,1013,5,4,2,14,6,,0.00,,,22
2015-11-9,34,26,18,18,8,2,71,37,13,1018,1015,1012,5,4,3,19,3,,0.00,,,1
2015-11-10,34,27,19,18,11,5,84,42,14,1017,1014,1012,7,4,2,19,6,,0.00,,,9
2015-11-11,33,27,20,21,9,7,52,34,15,1017,1015,1013,7,3,2,21,10,,0.00,,,30
2015-11-12,34,28,21,18,11,8,61,38,18,1018,1015,1013,4,2,1,16,8,,0.00,,,26
2015-11-13,33,26,19,23,16,10,100,59,23,1018,1015,1014,6,3,0,200,10,,0.00,,,256
2015-11-14,32,26,20,24,19,16,84,66,37,1015,1013,1011,5,3,1,23,6,,0.00,3,,192
2015-11-15,33,27,20,21,16,6,83,55,20,1014,1012,1011,9,6,2,19,6,,0.00,2,,247
2015-11-16,33,27,21,18,11,4,73,40,17,1017,1014,1012,6,5,3,21,6,,0.00,1,,22
2015-11-17,33,26,18,17,7,1,53,32,8,1016,1014,1012,8,5,3,19,6,,0.00,,,45
2015-11-18,33,26,18,13,5,-2,72,33,9,1017,1015,1013,7,5,2,19,10,,0.00,1,,42
2015-11-19,33,25,17,7,2,-2,40,24,10,1019,1016,1014,8,5,3,19,8,,0.00,,,24
2015-11-20,33,24,16,10,3,0,40,25,11,1017,1015,1012,7,6,3,19,8,,0.00,,,23
2015-11-21,32,26,18,8,2,-1,45,24,10,1016,1014,1012,6,5,3,26,13,,0.00,,,18
2015-11-22,32,25,18,10,3,1,35,24,10,1016,1014,1011,8,5,3,19,10,,0.00,,,8
2015-11-23,33,24,17,9,4,1,39,26,12,1017,1015,1013,7,5,3,21,10,,0.00,1,,17
2015-11-24,31,25,19,9,5,1,40,27,10,1017,1015,1013,6,5,3,34,16,,0.00,1,,14
2015-11-25,32,26,20,9,3,-1,33,23,10,1018,1016,1014,7,6,3,23,13,,0.00,2,,1
2015-11-26,32,24,16,9,1,-13,44,26,4,1018,1016,1014,7,5,3,16,6,,0.00,,,358
2015-11-27,30,22,13,12,2,-4,52,30,11,1017,1015,1012,7,5,3,16,5,,0.00,3,,225
2015-11-28,30,22,14,12,2,-7,63,32,8,1018,1016,1014,7,6,3,26,8,,0.00,,,37
2015-11-29,28,22,15,6,0,-6,36,23,7,1021,1018,1016,7,5,3,29,14,,0.00,,,32
2015-11-30,30,22,15,11,0,-5,38,24,8,1021,1018,1015,8,5,3,23,11,,0.00,,,18
2015-12-1,31,22,14,9,3,1,45,29,13,1019,1016,1014,6,5,3,19,5,,0.00,,,286
2015-12-2,31,22,14,14,6,2,56,38,18,1019,1016,1015,5,4,3,14,5,,0.00,,,39
2015-12-3,32,22,12,13,3,-5,59,33,7,1021,1018,1016,7,5,3,159,8,,0.00,,,316
2015-12-4,31,22,14,19,12,6,78,53,23,1017,1015,1012,7,5,3,21,6,,0.00,,,251
2015-12-5,31,23,16,21,16,4,88,67,25,1017,1015,1013,8,5,2,148,5,,0.00,,,185
2015-12-6,30,23,16,18,13,6,88,60,23,1017,1015,1013,6,5,2,14,3,,0.00,3,,329
2015-12-7,31,22,14,18,11,-1,77,53,18,1018,1016,1014,7,5,3,14,3,,0.00,3,,5
2015-12-8,29,22,16,17,11,8,68,49,24,1018,1015,1013,6,4,3,14,6,,0.00,,,287
2015-12-9,28,22,16,18,11,-6,77,50,16,1015,1014,1012,8,5,2,26,8,,0.00,2,,274
2015-12-10,26,21,16,4,-3,-9,32,19,6,1018,1015,1011,7,5,1,40,13,,0.00,,,313
2015-12-11,26,20,14,3,-6,-11,44,17,6,1016,1014,1012,6,3,0,45,21,,0.00,,,334
2015-12-12,26,18,10,2,-5,-11,44,22,5,1017,1015,1013,5,4,2,19,8,,0.00,,,36
2015-12-13,27,18,9,9,-1,-7,48,29,12,1018,1015,1014,6,4,3,19,10,,0.00,,,5
2015-12-14,26,18,9,1,-3,-7,43,25,7,1020,1018,1016,6,5,3,24,10,,0.00,,,42
2015-12-15,27,18,9,8,-2,-8,51,30,6,1019,1016,1014,7,5,3,14,8,,0.00,1,,354
2015-12-16,27,19,10,14,8,2,65,46,22,1017,1014,1012,6,5,2,26,6,,0.00,1,,264
2015-12-17,28,20,12,10,0,-10,67,32,4,1020,1017,1014,8,5,3,23,8,,0.00,,,31
2015-12-18,27,19,11,3,-3,-8,46,23,6,1022,1020,1017,7,5,3,26,11,,0.00,,,38
2015-12-19,27,18,10,12,2,-4,68,37,14,1020,1018,1016,7,5,3,19,8,,0.00,,,320
2015-12-20,28,19,10,10,5,-2,77,43,15,1021,1018,1015,7,5,3,16,6,,0.00,,,35
2015-12-21,27,19,11,8,2,-4,54,35,13,1020,1018,1016,7,5,3,19,10,,0.00,3,,24
2015-12-22,27,20,12,15,9,3,73,51,33,1022,1019,1017,8,5,1,16,5,,0.00,,,106
2015-12-23,26,20,13,7,-2,-10,52,27,5,1024,1022,1012,10,6,3,21,6,,0.00,,,16
2015-12-24,24,17,10,14,-5,-9,73,23,5,1026,1023,1020,8,6,3,23,11,,0.00,,,29
2015-12-25,27,18,8,8,-2,-6,48,29,9,1024,1021,1019,8,5,3,14,6,,0.00,,,19
2015-12-26,28,19,10,8,2,-4,59,32,11,1023,1021,1019,6,4,3,21,8,,0.00,3,,36
2015-12-27,28,20,12,14,4,-3,68,41,16,1023,1021,1019,5,4,3,13,3,,0.00,,,54
2015-12-28,31,22,13,14,6,0,67,38,13,1024,1021,1020,7,4,3,19,5,,0.00,2,,40
2015-12-29,31,22,14,18,7,2,77,41,16,1022,1019,1016,6,4,3,14,6,,0.00,2,,321
2015-12-30,31,22,14,20,14,11,88,67,31,1018,1016,1013,7,4,2,14,3,,0.00,,,201
2015-12-31,29,22,15,12,6,2,63,36,14,1021,1019,1016,6,4,3,37,16,,0.00,2,,25