GMT,Max TemperatureC,Mean TemperatureC,Min TemperatureC,Dew PointC,MeanDew PointC,Min DewpointC,Max Humidity, Mean Humidity, Min Humidity, Max Sea Level PressurehPa, Mean Sea Level PressurehPa, Min Sea Level PressurehPa, Max VisibilityKm, Mean VisibilityKm, Min VisibilitykM, Max Wind SpeedKm/h, Mean Wind SpeedKm/h, Max Gust SpeedKm/h,Precipitationmm, CloudCover, Events,WindDirDegrees
2015-1-1,28,23,19,19,11,-1,90,54,15,1016,1014,1012,10,9,8,21,13,,0.00,,,14
2015-1-2,26,22,18,16,4,-11,64,34,10,1016,1014,1012,8,8,6,24,16,,0.00,,,34
2015-1-3,29,24,19,18,7,-4,75,38,13,1016,1014,1012,8,8,6,23,14,,0.00,,,35
2015-1-4,29,26,22,18,7,-4,69,36,11,1018,1016,1014,8,7,6,19,13,,0.00,,Rain,26
2015-1-5,26,24,22,19,11,4,78,48,31,1021,1017,1015,6,3,2,29,19,,0.00,,,9
2015-1-6,25,23,21,19,13,5,82,55,28,1019,1016,1012,4,3,2,34,21,,0.00,,,10
2015-1-7,24,22,21,19,14,11,79,63,44,1017,1015,1013,10,7,3,29,19,,0.00,,,360
2015-1-8,23,22,20,17,13,11,73,61,45,1018,1016,1014,10,9,8,34,26,,0.00,,,360
2015-1-9,23,22,20,17,13,9,78,60,41,1017,1015,1013,8,7,6,27,23,,0.00,,,360
2015-1-10,23,21,19,19,16,12,88,75,50,1017,1015,1013,8,6,3,21,16,,0.00,,,346
2015-1-11,27,23,19,18,17,10,88,74,34,1018,1015,1012,6,3,2,19,13,,0.00,,,356
2015-1-12,23,21,19,19,17,13,94,77,53,1018,1015,1012,4,2,1,23,14,,0.00,,,355
2015-1-13,23,21,19,18,17,15,94,78,38,1017,1015,1012,10,4,3,26,16,,0.00,,,354
2015-1-14,23,21,18,21,17,16,92,82,65,1015,1013,1011,6,4,3,24,16,,0.00,,,350
2015-1-15,23,21,18,19,18,16,98,83,65,1015,1014,1012,6,5,3,21,16,,0.00,,,349
2015-1-16,24,21,18,19,17,15,95,81,56,1016,1014,1013,10,7,6,24,16,,0.00,,,354
2015-1-17,24,21,18,19,16,13,96,71,50,1017,1015,1013,10,9,8,24,16,,0.00,,,359
2015-1-18,23,21,19,17,14,10,83,68,44,1018,1016,1014,10,9,8,32,18,,0.00,,,359
2015-1-19,23,21,19,17,15,12,83,71,51,1018,1014,1012,10,9,8,27,23,,0.00,,,358
2015-1-20,23,21,18,17,15,13,83,73,57,1015,1012,1011,10,8,7,26,21,,0.00,,,1
2015-1-21,22,20,18,18,14,11,98,71,50,1016,1013,1011,10,9,8,32,23,,0.00,,,2
2015-1-22,22,20,18,17,14,8,89,69,43,1017,1015,1013,10,9,8,23,18,,0.00,8,,5
2015-1-23,22,21,19,17,14,9,88,72,43,1017,1015,1013,9,8,7,26,18,,0.00,8,,3
2015-1-24,22,20,18,17,15,12,86,73,53,1017,1014,1012,10,9,8,27,18,,0.00,,,359
2015-1-25,22,20,17,18,16,13,96,78,53,1015,1013,1010,10,9,8,32,18,,0.00,,,356
2015-1-26,24,21,17,17,13,7,98,66,30,1016,1013,1011,10,8,8,24,14,,0.00,,,354
2015-1-27,30,24,18,17,9,-7,83,49,9,1017,1015,1013,8,6,4,29,18,,0.00,,,18
2015-1-28,24,21,18,16,10,2,78,51,27,1017,1014,1012,8,7,6,27,18,,0.00,,,8
2015-1-29,22,20,17,17,12,5,83,58,33,1016,1014,1012,10,9,8,27,18,,0.00,,,5
2015-1-30,22,20,17,16,11,1,83,55,25,1016,1014,1012,8,8,8,26,18,,0.00,,,8
2015-1-31,22,19,17,17,14,11,92,74,50,1017,1015,1013,10,9,8,29,19,,0.00,,,355
2015-2-1,22,19,17,19,16,15,100,85,69,1017,1014,1012,10,9,8,29,19,,0.00,,,354
2015-2-2,21,19,17,19,17,16,100,88,77,1016,1014,1012,10,10,8,27,18,,0.00,3,,344
2015-2-3,22,19,17,18,17,15,100,87,73,1015,1013,1011,10,9,8,29,21,,0.00,2,,347
2015-2-4,21,19,17,18,16,15,98,85,68,1015,1013,1011,10,9,8,27,19,,0.00,3,,350
2015-2-5,22,19,17,19,17,16,98,88,73,1015,1013,1011,10,9,8,26,16,,0.00,,,345
2015-2-6,22,20,17,19,17,16,99,87,69,1014,1012,1009,10,9,8,24,14,,0.00,,,343
2015-2-7,27,22,18,19,16,10,100,76,34,1013,1011,1009,10,9,8,21,14,,0.00,,,347
2015-2-8,23,20,17,19,17,15,99,84,61,1014,1011,1010,10,9,8,26,16,,0.00,1,,334
2015-2-9,23,20,17,19,17,16,100,88,73,1014,1012,1010,10,9,8,27,19,,0.00,3,,346
2015-2-10,22,19,17,18,17,16,100,87,72,1014,1012,1009,10,9,7,29,16,,0.00,1,,344
2015-2-11,22,19,17,19,17,16,100,89,69,1016,1013,1012,10,8,7,29,13,,0.00,,,337
2015-2-12,23,20,17,19,17,13,100,84,50,1017,1015,1013,10,9,8,27,14,,0.00,,,342
2015-2-13,23,21,18,19,17,15,100,83,61,1019,1017,1015,10,9,8,32,21,,0.00,1,,340
2015-2-14,24,21,18,18,14,9,94,69,36,1019,1015,1012,10,9,6,32,23,53,0.00,,Rain,353
2015-2-15,23,21,18,18,15,13,90,70,50,1017,1014,1012,10,8,8,35,21,,0.00,,Rain,359
2015-2-16,27,22,17,18,14,7,83,59,23,1017,1014,1012,10,9,8,29,23,,0.00,,,8
2015-2-17,23,21,18,18,16,13,91,73,47,1017,1014,1012,10,9,8,32,21,,0.00,,,3
2015-2-18,22,20,18,17,16,14,90,80,64,1014,1012,1010,10,9,8,29,19,,0.00,,,356
2015-2-19,22,19,17,17,16,13,88,79,60,1016,1013,1011,10,7,6,35,24,,0.00,,,346
2015-2-20,21,19,17,15,13,12,88,73,51,1017,1014,1013,9,7,6,39,26,50,0.00,,,360
2015-2-21,21,18,16,15,13,11,88,74,47,1017,1014,1012,10,8,8,37,21,,0.00,,,359
2015-2-22,21,18,16,14,13,10,88,69,47,1017,1014,1012,10,9,8,32,19,,0.00,,,2
2015-2-23,22,19,16,16,14,11,88,72,45,1016,1014,1012,10,8,8,24,19,,0.00,,,357
2015-2-24,22,19,16,17,15,13,89,75,57,1016,1014,1012,10,9,8,24,18,,0.00,,,349
2015-2-25,23,19,16,17,16,14,94,78,59,1016,1013,1010,10,8,7,29,18,,0.00,,,345
2015-2-26,27,22,16,18,13,1,94,61,15,1013,1010,1008,10,6,2,26,18,,0.00,,,3
2015-2-27,24,22,20,14,8,-9,58,37,10,1013,1011,1009,3,2,2,24,16,,0.00,,,23
2015-2-28,23,21,19,15,9,4,73,46,23,1016,1014,1012,4,3,2,27,21,,0.00,,,19
2015-3-1,25,21,17,16,11,4,83,53,24,1017,1014,1011,10,7,5,29,19,,0.00,,,5
2015-3-2,26,21,17,16,12,8,87,59,29,1015,1013,1010,10,9,8,24,18,,0.00,,,2
2015-3-3,32,23,15,16,11,2,83,49,14,1014,1011,1009,10,7,6,24,18,,0.00,,,15
2015-3-4,25,22,18,16,12,7,76,53,32,1013,1011,1009,8,8,8,23,18,,0.00,,,355
2015-3-5,24,20,16,19,16,13,96,75,50,1014,1012,1010,10,8,8,23,14,,0.00,,,341
2015-3-6,23,20,18,19,18,16,100,88,65,1014,1012,1010,10,7,6,24,16,,0.00,4,,325
2015-3-7,23,20,18,19,18,17,99,88,69,1014,1011,1009,10,7,1,24,18,,0.00,5,,332
2015-3-8,22,20,18,19,17,16,99,85,73,1013,1011,1009,10,9,7,24,19,,0.00,5,,342
2015-3-9,22,20,18,17,16,15,88,79,64,1014,1012,1011,10,10,8,19,14,,0.00,4,,333
2015-3-10,22,19,17,17,16,15,94,81,64,1016,1014,1012,10,9,8,26,13,,0.00,3,,349
2015-3-11,22,20,17,19,17,15,94,82,64,1016,1013,1011,10,9,8,24,18,,0.00,4,,344
2015-3-12,24,21,18,18,16,14,94,74,50,1014,1011,1008,9,6,4,23,14,,0.00,,,345
2015-3-13,29,24,19,18,14,9,81,54,29,1012,1008,1006,8,6,4,21,16,,0.00,,,359
2015-3-14,26,23,20,18,14,9,81,58,30,1011,1009,1007,10,8,8,27,18,,0.00,,,5
2015-3-15,24,22,19,18,15,12,83,67,47,1012,1010,1008,10,9,8,29,21,,0.00,,,10
2015-3-16,23,21,18,19,17,17,94,84,73,1014,1012,1010,10,9,8,32,23,,0.00,6,,357
2015-3-17,24,21,18,19,18,17,100,86,67,1014,1012,1010,10,9,8,27,21,,0.00,3,,342
2015-3-18,24,21,18,19,18,16,96,82,61,1013,1011,1009,10,8,6,27,19,,0.00,5,,340
2015-3-19,24,21,19,19,17,14,94,78,57,1014,1011,1009,10,9,8,37,19,,0.00,6,,350
2015-3-20,23,20,18,18,16,14,94,80,53,1012,1010,1009,10,9,8,39,23,,0.00,3,,346
2015-3-21,22,20,18,18,16,15,92,78,62,1015,1012,1010,10,9,8,32,23,,0.00,1,,347
2015-3-22,25,21,18,17,16,15,88,77,65,1015,1013,1011,10,10,8,35,23,,0.00,2,,346
2015-3-23,22,20,18,17,15,14,83,74,60,1018,1015,1013,10,9,8,39,27,,0.00,5,,350
2015-3-24,22,19,17,16,14,13,82,72,56,1017,1014,1012,10,9,8,39,27,,0.00,2,,353
2015-3-25,22,19,17,17,15,13,95,78,57,1014,1013,1011,10,9,8,29,24,,0.00,1,,354
2015-3-26,25,21,18,15,13,9,83,64,36,1014,1013,1011,9,9,9,27,21,,0.00,,,360
2015-3-27,25,21,18,16,14,12,83,67,47,1015,1014,1012,,,,27,19,,0.00,,,1
2015-3-28,26,22,19,16,14,12,73,61,44,1016,1014,1011,,,,26,18,,0.00,,,2
2015-3-29,33,26,19,15,11,5,78,49,20,1015,1012,1010,8,5,4,32,21,,0.00,,,15
2015-3-30,29,24,19,17,12,4,70,47,20,1014,1012,1009,8,6,4,23,18,,0.00,,,18
2015-3-31,30,24,19,17,11,5,75,44,20,1015,1012,1010,6,5,2,24,18,,0.00,,,18
2015-4-1,27,23,19,19,14,12,88,58,33,1014,1012,1009,8,5,4,23,16,,0.00,,,354
2015-4-2,25,22,19,20,17,14,91,71,57,1014,1011,1009,10,8,6,26,14,,0.00,,,350
2015-4-3,25,22,18,20,18,17,96,79,65,1013,1011,1009,10,9,8,27,18,,0.00,,,347
2015-4-4,23,21,19,20,18,18,100,87,73,1013,1010,1009,8,7,5,35,23,,0.00,3,,347
2015-4-5,23,21,18,19,18,17,98,87,65,1013,1010,1008,10,9,8,34,26,,0.00,1,,349
2015-4-6,23,21,18,19,18,17,97,84,69,1013,1011,1009,10,9,8,27,21,,0.00,1,,347
2015-4-7,23,20,18,19,18,17,100,85,69,1015,1012,1011,10,9,6,29,19,,0.00,2,,348
2015-4-8,23,21,19,18,17,17,89,81,66,1016,1013,1011,10,9,8,34,24,,0.00,,,352
2015-4-9,23,21,18,18,17,17,88,80,63,1016,1012,1010,10,9,8,39,27,,0.00,,,355
2015-4-10,23,21,19,18,17,16,86,76,64,1013,1011,1009,10,9,8,39,27,,0.00,,,3
2015-4-11,25,22,19,18,17,14,83,71,54,1013,1011,1008,10,9,8,27,18,,0.00,,,352
2015-4-12,24,21,19,18,17,16,88,77,61,1013,1011,1009,10,9,8,35,14,,0.00,,,346
2015-4-13,24,21,18,18,17,16,88,78,60,1014,1012,1010,10,9,8,35,24,,0.00,,,351
2015-4-14,30,24,19,18,18,17,94,82,45,1015,1013,1010,10,9,8,26,11,,0.00,,,323
2015-4-15,23,21,19,19,18,17,96,83,65,1014,1011,1009,10,9,8,35,23,,0.00,,,349
2015-4-16,23,21,19,19,18,17,94,83,72,1013,1011,1009,10,9,8,24,18,,0.00,,,337
2015-4-17,24,21,19,19,18,17,95,85,69,1014,1012,1010,10,9,8,21,11,,0.00,1,,319
2015-4-18,23,21,18,19,18,18,100,88,73,1014,1012,1011,10,8,4,23,14,,0.00,3,,334
2015-4-19,23,21,19,19,18,16,99,83,63,1013,1011,1009,10,9,8,29,21,,0.00,4,,341
2015-4-20,24,21,19,19,18,18,94,85,70,1013,1011,1009,10,10,8,24,21,,0.00,1,,338
2015-4-21,24,21,19,19,18,17,94,85,69,1014,1011,1010,10,9,8,26,19,,0.00,1,,342
2015-4-22,23,21,19,19,18,18,94,85,69,1014,1012,1010,10,9,8,26,18,,0.00,,,336
2015-4-23,24,21,19,19,18,18,94,81,69,1014,1012,1010,10,9,8,35,23,,0.00,1,,344
2015-4-24,24,22,19,19,18,17,96,81,64,1013,1011,1009,10,9,8,29,18,,0.00,1,,347
2015-4-25,26,22,18,21,18,16,97,78,53,1014,1012,1010,10,8,8,16,8,,0.00,,,316
2015-4-26,24,22,19,19,18,16,95,80,56,1014,1012,1010,10,9,8,21,10,,0.00,,,320
2015-4-27,25,21,18,19,18,17,100,81,61,1014,1012,1010,10,10,8,16,11,,0.00,5,,294
2015-4-28,25,22,19,21,19,17,94,82,73,1013,1011,1010,10,10,8,23,10,,0.00,5,,304
2015-4-29,24,22,21,20,19,18,88,80,69,1013,1011,1010,10,10,8,19,11,,0.00,4,,298
2015-4-30,26,23,21,22,20,19,94,82,65,1013,1010,1007,10,10,8,21,11,,0.00,4,,303
2015-5-1,26,23,20,22,21,19,100,87,69,1010,1009,1007,10,9,4,23,10,,0.00,3,,236
2015-5-2,27,24,21,22,21,20,97,85,70,1011,1009,1008,10,10,8,19,10,,0.00,5,,226
2015-5-3,28,24,22,22,21,20,94,84,68,1013,1011,1001,10,10,8,16,11,,0.00,3,,256
2015-5-4,27,24,21,22,19,17,97,77,51,1014,1011,1010,10,9,8,24,11,,0.00,,,332
2015-5-5,26,23,21,21,19,19,88,79,65,1013,1010,1009,10,9,8,34,24,,0.00,3,,347
2015-5-6,26,23,20,21,20,18,94,82,61,1014,1011,1009,10,10,8,19,13,,0.00,2,,314
2015-5-7,26,23,21,21,20,19,94,82,65,1015,1012,1011,10,10,8,29,13,,0.00,4,,319
2015-5-8,27,24,21,22,20,19,97,77,58,1014,1012,1010,10,10,8,19,13,,0.00,2,,310
2015-5-9,26,24,22,22,21,20,97,84,62,1013,1012,1010,10,10,8,19,10,,0.00,6,,245
2015-5-10,26,23,21,21,19,19,89,77,64,1014,1012,1010,10,10,8,19,13,,0.00,6,,242
2015-5-11,26,23,21,21,19,18,88,77,64,1014,1012,1010,10,10,8,16,10,,0.00,4,,261
2015-5-12,26,23,21,21,19,19,88,76,65,1014,1012,1010,10,10,8,16,10,,0.00,4,,296
2015-5-13,26,23,22,21,19,19,88,79,65,1015,1012,1010,10,10,8,19,13,,0.00,5,,315
2015-5-14,27,24,22,22,21,19,88,80,63,1014,1012,1009,10,10,8,16,13,,0.00,5,,307
2015-5-15,27,25,23,22,21,20,89,80,66,1013,1011,1009,10,10,8,19,13,,0.00,4,,291
2015-5-16,28,24,22,23,21,20,94,82,65,1013,1011,1009,10,10,8,21,11,,0.00,5,,264
2015-5-17,28,24,22,23,21,20,94,81,64,1013,1012,1010,10,10,8,23,11,,0.00,4,,250
2015-5-18,28,25,22,23,21,21,89,80,61,1014,1012,1011,10,10,8,16,11,,0.00,5,,265
2015-5-19,27,24,22,22,21,20,89,78,60,1015,1012,1010,10,10,8,19,11,,0.00,5,,292
2015-5-20,27,25,23,22,21,20,89,79,63,1014,1012,1010,10,10,8,27,16,,0.00,5,,341
2015-5-21,27,25,23,22,21,20,90,79,60,1015,1013,1012,10,9,8,26,18,,0.00,3,,339
2015-5-22,28,26,23,23,22,21,94,80,65,1018,1015,1014,10,9,7,24,13,,0.00,2,,326
2015-5-23,28,26,23,24,21,13,95,79,50,1016,1014,1012,10,10,8,27,23,,0.00,2,,349
2015-5-24,27,25,23,22,21,20,88,78,62,1015,1013,1010,10,10,8,34,26,,0.00,2,,348
2015-5-25,27,25,23,22,21,20,89,79,61,1015,1013,1011,10,10,8,32,18,,0.00,1,,345
2015-5-26,27,26,23,22,21,19,83,76,59,1014,1012,1011,10,9,8,32,24,,0.00,,,353
2015-5-27,27,25,23,22,21,19,88,76,57,1014,1012,1011,10,9,8,34,23,,0.00,1,,355
2015-5-28,27,24,22,21,21,20,88,80,61,1014,1011,1010,10,9,8,32,23,,0.00,2,,352
2015-5-29,27,24,22,22,21,20,94,81,65,1014,1011,1009,10,9,8,23,19,,0.00,1,,334
2015-5-30,27,24,22,23,22,21,100,84,66,1013,1011,1010,10,10,8,23,11,,0.00,2,,319
2015-5-31,28,24,22,23,22,21,100,81,60,1013,1011,1009,10,9,8,26,11,,0.00,,,310
2015-6-1,29,26,23,23,22,21,94,79,57,1013,1010,1008,10,9,8,16,10,,0.00,1,,281
2015-6-2,29,27,24,23,22,21,90,79,61,1013,1011,1009,10,10,8,16,8,,0.00,2,,257
2015-6-3,34,28,23,22,21,20,89,79,49,1015,1013,1011,10,10,8,23,14,,0.00,3,,343
2015-6-4,27,24,23,21,19,19,83,74,57,1016,1014,1012,10,10,8,26,18,,0.00,3,,342
2015-6-5,27,24,23,19,19,18,78,71,52,1015,1013,1012,10,10,8,29,23,,0.00,5,,351
2015-6-6,27,24,22,20,19,18,83,74,53,1015,1013,1012,10,10,8,24,19,39,0.00,3,,348
2015-6-7,27,24,22,22,21,20,88,80,67,1014,1013,1012,10,10,8,24,18,,0.00,2,,344
2015-6-8,28,26,24,23,22,21,89,79,64,1014,1010,1008,10,9,8,26,16,,0.00,,,326
2015-6-9,29,27,24,23,22,22,94,79,62,1013,1011,1009,10,10,8,23,10,,0.00,2,,266
2015-6-10,29,27,25,24,23,22,89,79,66,1014,1013,1012,10,10,8,24,11,,0.00,2,,270
2015-6-11,28,26,24,26,23,22,97,79,42,1015,1013,1012,10,10,8,13,6,,0.00,3,,283
2015-6-12,28,26,24,23,23,22,89,78,64,1015,1013,1011,10,10,8,19,11,,0.00,1,,323
2015-6-13,29,27,25,23,22,21,89,78,61,1015,1012,1010,10,10,8,23,13,,0.00,1,,312
2015-6-14,29,27,25,23,22,21,83,72,60,1014,1011,1010,10,8,7,23,11,,0.00,,,332
2015-6-15,28,27,25,24,22,21,89,78,61,1014,1012,1011,10,9,8,14,10,,0.00,4,,303
2015-6-16,29,27,24,23,22,22,87,77,60,1015,1013,1011,10,10,8,16,8,,0.00,4,,263
2015-6-17,29,27,25,24,23,23,89,78,66,1015,1013,1011,10,9,8,21,10,,0.00,1,,287
2015-6-18,29,27,24,23,22,21,94,78,63,1015,1012,1010,10,10,8,24,11,,0.00,2,,302
2015-6-19,29,27,24,23,22,21,83,74,59,1014,1012,1010,10,10,8,16,10,,0.00,5,,274
2015-6-20,29,27,24,22,21,21,83,73,58,1015,1013,1011,10,10,8,16,11,,0.00,5,,253
2015-6-21,29,27,25,23,22,21,83,72,57,1017,1014,1013,10,10,8,19,11,,0.00,2,,233
2015-6-22,31,28,25,23,23,20,89,74,52,1019,1015,1013,10,10,8,19,11,,0.00,3,,294
2015-6-23,29,27,25,24,22,21,89,76,59,1018,1014,1012,10,10,8,24,13,40,0.00,3,,284
2015-6-24,29,27,25,23,22,21,83,74,58,1018,1016,1014,10,10,8,24,13,,0.00,2,,256
2015-6-25,29,27,25,23,22,22,89,77,61,1019,1017,1016,10,10,8,21,11,,0.00,2,,281
2015-6-26,28,27,24,22,22,21,83,76,62,1019,1016,1014,10,10,8,19,13,,0.00,4,,320
2015-6-27,29,27,24,23,22,22,89,77,61,1016,1013,1011,10,10,8,23,13,,0.00,4,,307
2015-6-28,28,27,24,23,22,21,84,75,60,1014,1012,1011,10,10,8,21,13,,0.00,3,,298
2015-6-29,30,27,24,23,22,21,83,74,59,1015,1014,1012,10,10,8,14,8,,0.00,2,,249
2015-6-30,30,28,25,23,23,22,83,74,61,1016,1014,1012,10,10,8,16,10,,0.00,2,,265
2015-7-1,31,28,26,24,23,22,83,74,53,1016,1014,1012,10,10,8,19,10,,0.00,2,,281
2015-7-2,30,28,26,24,23,22,83,75,61,1016,1014,1012,10,10,8,14,11,,0.00,2,,305
2015-7-3,31,28,25,24,23,22,84,75,57,1015,1013,1012,10,10,8,19,13,,0.00,5,,300
2015-7-4,29,27,25,24,23,22,89,77,60,1014,1011,1010,10,10,8,23,14,,0.00,6,,292
2015-7-5,37,31,26,23,22,21,83,69,42,1013,1011,1009,10,10,8,21,11,,0.00,5,,228
2015-7-6,30,28,26,24,23,22,83,74,58,1013,1011,1010,10,10,8,16,10,,0.00,4,,260
2015-7-7,29,27,25,23,22,21,83,74,56,1015,1012,1010,10,10,8,23,10,,0.00,3,,333
2015-7-8,29,28,26,25,24,23,89,79,65,1013,1012,1009,10,10,8,24,14,,0.00,3,Thunderstorm,342
2015-7-9,29,27,24,25,24,22,100,86,71,1016,1013,1011,10,9,5,23,13,,4.06,5,Rain-Thunderstorm,218
2015-7-10,29,27,23,26,24,24,94,86,73,1016,1015,1014,10,10,8,16,8,,0.00,5,,303
2015-7-11,31,28,26,24,24,23,89,78,57,1016,1014,1012,10,10,8,111,10,,0.00,3,Thunderstorm,270
2015-7-12,31,28,26,24,24,23,89,77,64,1016,1014,1012,10,10,8,14,10,,0.00,3,Thunderstorm,322
2015-7-13,30,28,26,24,24,23,84,78,67,1015,1013,1012,10,10,8,19,11,,0.00,3,,341
2015-7-14,29,28,26,24,23,23,84,78,65,1015,1013,1011,10,10,8,21,16,,0.00,5,,336
2015-7-15,29,26,23,25,23,22,100,83,70,1016,1013,1011,10,9,3,29,11,,18.03,6,Rain-Thunderstorm,342
2015-7-16,30,28,26,26,24,23,89,79,63,1014,1011,1009,10,10,8,16,13,,0.00,4,,306
2015-7-17,31,29,27,24,23,22,79,72,57,1014,1012,1011,10,10,8,19,10,,0.00,3,,226
2015-7-18,32,29,27,26,24,24,89,78,62,1017,1014,1013,10,10,8,19,10,,0.00,2,,270
2015-7-19,31,29,27,26,24,23,84,75,61,1017,1014,1012,10,10,8,23,14,,0.00,3,,297
2015-7-20,30,28,26,24,23,22,83,75,61,1014,1012,1010,10,10,8,26,14,,0.00,3,,335
2015-7-21,29,27,25,23,22,21,83,71,57,1014,1013,1011,10,10,8,14,11,,0.00,4,,326
2015-7-22,29,27,25,23,21,20,78,69,56,1015,1013,1012,10,10,8,16,11,,0.00,3,,317
2015-7-23,29,27,25,22,21,20,78,67,56,1015,1012,1010,10,10,8,14,11,,0.00,3,,288
2015-7-24,30,28,26,23,22,21,79,70,56,1014,1012,1011,10,10,8,16,10,,0.00,1,,240
2015-7-25,31,27,24,24,23,22,89,74,62,1015,1013,1011,10,10,8,19,13,48,0.25,3,Rain-Thunderstorm,271
2015-7-26,30,27,24,25,23,22,84,76,65,1015,1013,1011,10,10,8,21,8,,0.00,4,,319
2015-7-27,30,28,26,25,24,24,89,78,66,1014,1012,1010,10,10,8,16,11,,0.00,3,Thunderstorm,329
2015-7-28,31,29,27,25,24,24,84,79,63,1013,1011,1010,10,10,8,19,10,,0.00,3,Rain-Thunderstorm,331
2015-7-29,32,29,27,25,24,23,84,77,58,1014,1012,1011,10,10,6,24,18,,0.00,2,Rain,210
2015-7-30,30,28,26,26,24,24,94,84,69,1014,1013,1011,10,9,6,23,16,,28.96,5,Rain,240
2015-7-31,31,28,25,25,24,24,94,85,60,1014,1012,1010,10,10,8,24,13,,0.51,4,Rain-Thunderstorm,282
2015-8-1,31,28,26,25,24,23,84,76,63,1013,1011,1010,10,10,8,55,10,,0.00,2,Rain,248
2015-8-2,27,26,25,26,24,24,94,89,80,1014,1012,1010,10,9,5,16,10,,6.10,4,Rain,310
2015-8-3,30,28,25,26,24,23,94,81,53,1016,1013,1012,10,10,8,21,8,,0.00,3,,298
2015-8-4,31,29,27,26,24,21,89,74,51,1015,1012,1010,10,10,8,21,16,,0.00,3,,301
2015-8-5,31,29,27,25,24,23,84,76,57,1013,1011,1009,10,10,8,16,10,,0.00,3,,239
2015-8-6,31,29,27,26,24,24,84,76,64,1013,1011,1010,10,10,8,19,11,,0.00,3,,219
2015-8-7,30,28,27,25,23,8,84,74,59,1012,1010,1008,10,10,8,21,14,,0.00,3,,305
2015-8-8,30,28,27,24,23,21,84,73,60,1012,1009,1007,10,10,8,23,14,,0.00,4,,328
2015-8-9,28,26,23,26,24,23,100,91,76,1011,1009,1008,10,8,3,37,13,,59.94,6,Rain-Thunderstorm,344
2015-8-10,29,27,24,26,25,24,100,88,73,1013,1011,1009,10,9,4,24,10,,0.00,4,Rain-Thunderstorm,183
2015-8-11,31,28,26,26,24,24,94,81,67,1014,1011,1008,10,10,8,16,8,,0.00,3,,223
2015-8-12,31,28,26,26,25,24,94,81,68,1015,1012,1010,10,10,8,21,6,,0.00,3,,301
2015-8-13,30,28,26,26,25,23,94,85,69,1016,1014,1013,10,9,7,14,5,,7.11,4,Rain-Thunderstorm,283
2015-8-14,31,29,28,27,26,25,94,85,74,1015,1013,1010,10,10,8,24,13,,0.76,4,Rain-Thunderstorm,341
2015-8-15,31,27,23,27,25,22,94,82,70,1016,1012,1009,10,9,3,37,11,66,13.97,3,Rain-Thunderstorm,252
2015-8-16,32,27,23,26,24,22,94,81,67,1014,1011,1008,10,9,8,16,6,,0.00,3,Thunderstorm,202
2015-8-17,31,28,24,27,24,22,95,84,62,1014,1012,1011,10,9,2,34,8,45,0.76,5,Rain-Thunderstorm,140
2015-8-18,27,26,24,26,24,23,100,92,84,1014,1011,1010,10,9,4,14,3,,51.05,5,Rain,191
2015-8-19,31,28,25,26,25,24,100,84,68,1012,1011,1009,10,10,8,13,3,,0.00,4,Thunderstorm,250
2015-8-20,30,28,26,27,25,23,89,86,74,1013,1011,1008,10,9,6,23,6,,0.25,4,Rain-Thunderstorm,343
2015-8-21,31,28,25,27,25,23,94,86,74,1012,1010,1008,10,10,7,24,8,64,0.51,5,Rain-Thunderstorm,22
2015-8-22,31,28,24,26,25,24,94,83,66,1013,1011,1009,10,9,1,19,8,,0.51,3,Rain-Thunderstorm,177
2015-8-23,31,28,25,27,25,24,99,89,75,1013,1010,1009,10,8,0,19,8,,57.91,6,Rain-Thunderstorm,55
2015-8-24,31,27,24,30,26,24,100,85,70,1014,1012,1010,10,10,8,11,6,,0.00,4,,190
2015-8-25,31,27,24,29,25,22,94,84,72,1016,1013,1010,10,9,4,27,8,77,4.06,3,Rain-Thunderstorm,300
2015-8-26,31,28,24,27,24,23,94,81,68,1015,1012,1011,10,10,8,11,6,,0.00,4,Rain,297
2015-8-27,32,28,25,32,25,23,100,81,62,1014,1012,1011,10,10,8,13,5,,0.00,2,,249
2015-8-28,31,27,24,26,24,22,94,80,69,1015,1011,1009,10,10,6,34,11,,2.03,4,Rain,291
2015-8-29,31,28,26,27,24,22,84,78,70,1012,1010,1008,10,10,8,24,13,50,0.00,4,Rain-Thunderstorm,350
2015-8-30,30,28,26,27,24,24,91,83,74,1015,1012,1010,10,9,7,37,14,50,0.00,4,Rain-Thunderstorm,139
2015-8-31,30,28,26,25,24,24,89,80,70,1017,1014,1012,10,9,8,27,18,45,0.00,4,Rain,187
2015-9-1,28,27,25,26,24,23,95,86,76,1017,1014,1012,10,9,6,16,10,,6.10,5,Rain,292
2015-9-2,31,28,26,27,25,24,94,83,70,1014,1013,1011,10,10,8,14,8,,0.00,3,Rain,342
2015-9-3,31,28,25,27,24,22,94,82,69,1015,1012,1011,10,10,8,26,11,48,0.00,4,Thunderstorm,339
2015-9-4,31,28,24,26,24,21,89,77,63,1015,1013,1009,10,9,6,35,11,52,0.00,3,Rain-Thunderstorm,187
2015-9-5,31,27,23,27,24,21,95,85,71,1015,1013,1011,10,10,7,21,13,58,0.00,3,Rain-Thunderstorm,204
2015-9-6,31,28,26,27,25,24,93,84,73,1014,1013,1011,10,9,2,19,10,,7.11,4,Rain-Thunderstorm,296
2015-9-7,30,28,26,27,24,23,94,85,70,1014,1011,1009,10,9,5,21,10,,10.92,3,Rain-Thunderstorm,3
2015-9-8,30,28,25,26,25,24,98,88,74,1013,1011,1009,10,9,3,21,6,,12.95,3,Rain-Thunderstorm,151
2015-9-9,38,31,24,25,24,23,89,79,42,1013,1011,1010,10,10,8,14,8,,0.00,3,,271
2015-9-10,30,27,23,26,24,22,94,85,73,1014,1011,1010,10,9,3,29,10,50,8.89,4,Rain-Thunderstorm,288
2015-9-11,32,28,23,27,24,20,94,81,66,1014,1011,1009,10,9,4,48,5,,0.00,3,Rain-Thunderstorm,183
2015-9-12,31,28,26,28,24,21,99,78,62,1014,1012,1010,10,10,8,13,5,,0.00,3,Thunderstorm,283
2015-9-13,29,27,24,26,24,22,100,85,66,1016,1013,1011,10,9,2,26,6,,17.02,4,Rain-Thunderstorm,250
2015-9-14,32,29,26,27,26,24,100,85,62,1015,1013,1011,10,10,8,13,6,,0.00,3,,312
2015-9-15,31,28,26,28,26,25,100,85,75,1015,1013,1011,10,10,8,19,10,,0.00,2,,238
2015-9-16,31,27,23,26,24,23,94,84,63,1015,1013,1012,10,9,4,26,8,50,0.00,4,Rain-Thunderstorm,221
2015-9-17,31,28,24,26,26,24,100,84,68,1015,1013,1011,10,10,8,16,8,,0.00,2,,296
2015-9-18,31,29,28,26,26,25,89,81,68,1014,1012,1010,10,10,8,23,16,,0.00,3,,321
2015-9-19,31,29,27,28,26,24,89,83,74,1013,1011,1010,10,10,8,24,19,,0.00,3,,347
2015-9-20,32,29,27,27,25,20,94,77,55,1014,1012,1010,10,10,8,19,11,,0.00,2,Rain,343
2015-9-21,31,28,25,27,25,24,100,87,63,1014,1012,1010,10,9,2,148,10,,57.91,2,Rain-Thunderstorm,23
2015-9-22,31,28,24,28,26,23,97,88,74,1014,1012,1010,10,9,1,16,8,,0.00,3,Fog-Thunderstorm,59
2015-9-23,30,28,25,27,24,-26,100,86,4,1015,1012,1011,10,9,3,16,6,,4.06,3,Rain-Thunderstorm,248
2015-9-24,29,27,25,27,26,24,100,89,74,1016,1013,1011,10,9,3,24,5,40,9.91,3,Rain-Thunderstorm,36
2015-9-25,31,27,24,27,25,24,96,86,70,1015,1013,1012,10,10,7,8,3,,0.00,3,,306
2015-9-26,31,29,27,28,27,25,94,86,74,1014,1011,1009,10,10,8,16,10,,0.00,3,,318
2015-9-27,32,28,23,27,25,22,97,83,55,1013,1011,1009,10,9,3,37,10,71,0.00,5,Rain-Thunderstorm,28
2015-9-28,31,29,27,28,27,25,94,87,70,1013,1010,1008,10,10,7,19,8,,0.00,4,Rain-Thunderstorm,11
2015-9-29,32,28,25,26,26,23,95,86,70,1012,1010,1008,10,9,3,24,6,40,6.10,4,Rain-Thunderstorm,115
2015-9-30,31,28,24,26,24,23,94,83,70,1013,1011,1009,10,10,8,21,13,,0.00,5,Rain-Thunderstorm,109
2015-10-1,32,29,27,27,26,23,94,82,70,1012,1011,1009,10,10,9,16,6,,0.00,3,Rain,155
2015-10-2,32,29,27,28,27,25,100,88,70,1012,1010,1009,10,7,5,11,5,,0.00,2,,341
2015-10-3,33,30,28,29,27,27,94,86,71,1015,1011,1010,9,6,6,14,5,,0.00,5,,267
2015-10-4,31,27,24,28,27,23,94,88,79,1017,1013,1011,10,8,1,34,8,55,0.00,5,Rain-Thunderstorm,273
2015-10-5,33,30,28,28,27,25,94,84,63,1014,1012,1010,8,8,7,11,6,,0.00,2,,277
2015-10-6,31,29,27,28,26,24,94,85,75,1015,1013,1011,10,8,7,29,6,48,0.00,2,Rain-Thunderstorm,202
2015-10-7,31,28,25,26,25,23,94,83,66,1015,1013,1011,10,10,9,26,8,34,0.00,3,Rain,146
2015-10-8,33,29,26,29,26,25,100,85,66,1014,1013,1011,10,9,8,11,3,,0.00,1,,188
2015-10-9,37,32,28,28,27,26,94,86,72,1015,1012,1011,10,10,8,21,10,,0.00,2,,339
2015-10-10,31,29,28,28,27,26,94,83,66,1014,1012,1011,10,10,8,21,14,,0.00,3,,338
2015-10-11,31,29,27,26,26,24,89,80,67,1014,1012,1009,10,10,8,26,18,,0.00,1,,352
2015-10-12,32,29,27,27,26,25,94,83,66,1015,1012,1010,10,10,8,26,8,,0.00,2,,356
2015-10-13,36,31,26,26,26,25,94,83,65,1014,1012,1011,10,10,8,19,13,,0.00,3,Thunderstorm,6
2015-10-14,32,28,24,26,25,23,100,84,61,1015,1013,1011,10,9,4,34,11,,0.00,3,Rain-Thunderstorm,164
2015-10-15,29,27,25,26,24,-25,94,88,4,1014,1012,1011,10,8,0,29,5,60,41.91,2,Rain-Thunderstorm,124
2015-10-16,30,28,26,27,26,25,95,86,74,1014,1012,1011,10,9,6,19,8,,0.00,2,Rain-Thunderstorm,2
2015-10-17,31,29,27,27,26,25,89,84,73,1015,1013,1011,10,10,8,24,14,,0.00,3,,352
2015-10-18,31,29,27,27,26,25,89,83,73,1014,1012,1011,10,10,8,34,16,,0.00,1,,354
2015-10-19,31,29,28,26,24,23,84,77,62,1015,1013,1012,10,9,8,32,18,45,0.00,,,1
2015-10-20,32,29,27,26,23,21,84,71,49,1015,1013,1011,10,9,8,26,16,,0.00,2,,355
2015-10-21,28,27,26,26,25,23,94,86,77,1015,1012,1010,10,10,8,19,10,,2.03,3,Rain,3
2015-10-22,32,28,23,25,23,21,100,80,50,1015,1012,1010,10,10,8,11,6,,0.00,1,Rain,31
2015-10-23,28,26,24,25,24,23,100,88,72,1017,1014,1012,10,9,8,23,8,,4.06,1,Rain-Thunderstorm,4
2015-10-24,29,27,25,27,25,24,100,89,81,1014,1013,1011,10,10,8,19,10,,0.00,2,,357
2015-10-25,29,28,26,29,25,23,100,87,79,1015,1013,1011,10,10,8,19,13,,0.00,4,,5
2015-10-26,28,26,23,26,23,21,94,84,74,1017,1014,1012,10,9,4,23,13,,9.91,3,Rain-Thunderstorm,8
2015-10-27,29,27,24,27,25,24,94,90,84,1016,1014,1012,10,10,8,21,13,,0.00,3,Rain,2
2015-10-28,29,27,25,27,26,24,100,91,79,1015,1012,1010,10,9,8,24,14,,0.00,2,,355
2015-10-29,29,27,25,28,26,25,100,89,74,1013,1011,1009,10,9,8,23,14,,0.00,1,,346
2015-10-30,30,28,25,26,24,23,100,85,70,1012,1010,1009,10,9,8,19,11,,0.00,,,339
2015-10-31,31,28,25,26,24,21,95,81,58,1012,1010,1008,10,9,8,13,8,,0.00,,,336
2015-11-1,31,28,24,26,24,23,100,85,72,1013,1011,1009,10,8,4,13,6,,0.00,1,,339
2015-11-2,29,27,24,26,24,23,95,85,70,1013,1012,1010,10,9,6,27,5,,0.00,1,,331
2015-11-3,29,27,24,26,24,23,94,83,65,1015,1012,1011,10,9,8,14,8,,0.00,1,,335
2015-11-4,31,28,26,27,25,22,96,83,58,1014,1012,1009,10,9,8,19,11,,0.00,,,345
2015-11-5,33,28,23,27,22,12,100,72,25,1013,1011,1008,10,9,8,13,5,,0.00,,,339
2015-11-6,33,28,22,26,22,12,100,76,26,1014,1012,1010,10,9,8,11,5,,0.00,,,333
2015-11-7,32,27,23,26,23,19,100,78,49,1014,1011,1009,10,9,8,19,6,,0.00,,,347
2015-11-8,31,27,24,26,23,19,94,79,49,1014,1012,1010,10,9,8,13,8,,0.00,1,,343
2015-11-9,32,27,23,26,23,21,100,78,54,1015,1013,1012,10,9,8,13,3,,0.00,1,,303
2015-11-10,32,28,23,26,20,10,94,65,24,1015,1013,1011,10,8,8,11,6,,0.00,,,338
2015-11-11,32,28,24,24,19,8,94,61,20,1014,1011,1009,10,8,7,21,8,,0.00,,,355
2015-11-12,29,27,24,24,22,18,100,73,51,1014,1012,1010,10,9,8,13,5,,0.00,8,,341
2015-11-13,29,28,27,25,22,20,74,68,55,1016,1014,1012,10,8,8,23,13,,0.00,8,,346
2015-11-14,30,28,27,23,21,18,79,63,46,1016,1014,1012,10,8,6,37,24,55,0.00,,,5
2015-11-15,34,29,24,25,21,14,95,68,28,1015,1012,1011,9,8,6,23,8,,0.00,,,27
2015-11-16,32,28,24,24,14,4,89,45,16,1014,1012,1010,10,8,8,23,11,,0.00,,,25
2015-11-17,30,28,26,22,14,8,69,46,24,1014,1012,1010,10,8,8,29,18,,0.00,,,21
2015-11-18,30,27,24,22,17,11,83,55,33,1013,1010,1008,10,9,8,29,14,34,0.00,,,10
2015-11-19,33,29,24,22,13,5,74,42,16,1013,1011,1010,9,9,8,23,13,,0.00,,,48
2015-11-20,31,28,24,22,15,8,74,46,22,1015,1012,1010,10,9,8,24,13,,0.00,,,25
2015-11-21,33,28,24,23,17,6,86,56,18,1014,1012,1010,10,8,8,21,14,,0.00,,,22
2015-11-22,29,27,24,22,17,12,78,58,37,1013,1011,1009,10,8,8,24,13,,0.00,,,9
2015-11-23,28,26,23,22,19,16,89,68,46,1012,1011,1009,10,9,8,23,16,,0.00,,,6
2015-11-24,27,24,23,22,18,14,84,66,45,1015,1013,1011,10,9,8,29,18,,0.00,,,14
2015-11-25,27,25,23,22,18,14,87,68,48,1016,1013,1011,10,9,8,26,19,,0.00,,,9
2015-11-26,28,25,22,22,18,13,93,64,42,1015,1013,1011,9,9,8,21,14,,0.00,,,4
2015-11-27,27,25,23,22,17,12,87,63,44,1014,1012,1010,9,7,6,24,16,,0.00,,,8
2015-11-28,29,26,23,22,18,12,85,64,35,1014,1012,1010,10,8,8,21,14,,0.00,,,5
2015-11-29,27,26,24,22,16,13,79,54,42,1018,1015,1013,10,9,8,24,21,,0.00,,,16
2015-11-30,27,26,24,21,12,0,74,45,16,1017,1015,1013,10,9,8,24,18,,0.00,,,30
2015-12-1,28,26,23,21,14,7,79,52,25,1017,1014,1012,10,8,6,23,16,,0.00,,,22
2015-12-2,29,26,22,21,14,3,84,54,18,1019,1014,1012,8,5,3,21,13,,0.00,,,16
2015-12-3,32,27,22,22,15,3,90,54,15,1015,1013,1011,6,4,3,21,13,,0.00,,,17
2015-12-4,28,26,23,21,14,4,83,52,21,1016,1014,1012,4,4,3,19,13,,0.00,,,12
2015-12-5,33,27,22,21,12,4,83,44,17,1016,1014,1011,6,4,3,16,10,,0.00,,,38
2015-12-6,33,27,22,22,14,2,88,52,15,1016,1014,1012,8,7,6,21,10,,0.00,,,21
2015-12-7,34,28,23,22,16,2,93,61,14,1017,1014,1012,10,8,6,19,11,,0.00,1,,9
2015-12-8,28,26,22,22,19,13,96,71,39,1016,1014,1012,10,9,8,23,14,,0.00,,,2
2015-12-9,29,24,21,22,17,11,92,64,33,1016,1014,1012,10,8,8,14,11,,0.00,,,4
2015-12-10,29,26,22,21,17,8,92,62,28,1016,1015,1013,10,8,7,16,11,,0.00,,,9
2015-12-11,27,24,22,22,18,14,86,68,45,1019,1016,1015,10,8,8,23,14,,0.00,,,11
2015-12-12,27,23,21,22,17,11,97,70,37,1017,1015,1014,10,9,8,24,13,,0.00,,,10
2015-12-13,27,23,21,21,18,10,100,76,34,1016,1013,1011,10,9,8,21,11,,0.00,,,351
2015-12-14,28,24,21,21,15,7,90,60,26,1014,1012,1010,10,8,8,19,10,,0.00,,,358
2015-12-15,33,27,21,22,14,6,88,55,18,1016,1013,1011,9,8,6,16,8,,0.00,,,12
2015-12-16,33,27,22,22,11,0,86,42,13,1017,1014,1012,10,8,8,16,10,,0.00,,,24
2015-12-17,30,26,22,19,7,-3,67,31,12,1016,1015,1013,10,8,7,21,14,,0.00,,,29
2015-12-18,34,28,22,21,8,-5,75,37,10,1016,1015,1013,10,8,6,21,13,,0.00,,,27
2015-12-19,34,28,22,21,10,-12,81,38,5,1017,1015,1013,10,8,6,19,11,,0.00,,,33
2015-12-20,28,24,22,19,8,-4,68,36,15,1017,1015,1012,10,9,8,21,14,,0.00,,,20
2015-12-21,28,24,21,21,12,4,80,47,23,1016,1014,1011,10,9,8,21,14,,0.00,,,1
2015-12-22,27,23,20,21,14,11,93,57,37,1016,1014,1011,10,9,8,23,14,,0.00,,,2
2015-12-23,29,25,21,21,14,4,94,53,23,1016,1014,1012,10,9,8,23,13,,0.00,,,11
2015-12-24,29,26,23,21,14,0,83,52,21,1017,1014,1013,10,8,8,19,13,,0.00,,,29
2015-12-25,27,24,21,22,18,12,94,67,35,1016,1014,1012,9,7,6,16,11,,0.00,,,24
2015-12-26,26,24,23,20,17,11,83,63,31,1017,1015,1013,8,6,6,23,14,,0.00,8,,16
2015-12-27,27,25,23,21,17,2,83,61,24,1018,1016,1013,6,6,6,26,18,,0.00,8,,30
2015-12-28,26,24,22,21,18,10,83,68,36,1019,1016,1013,10,7,6,27,14,,0.00,,,23
2015-12-29,28,24,22,20,15,5,78,57,24,1019,1017,1015,10,9,8,26,18,,0.00,,,29
2015-12-30,26,23,21,20,16,10,88,64,36,1019,1016,1014,10,8,8,26,16,,0.00,,,16
2015-12-31,27,24,21,20,17,10,94,71,28,1017,1015,1012,10,9,8,21,13,,0.00,,,11