HST,Max TemperatureC,Mean TemperatureC,Min TemperatureC,Dew PointC,MeanDew PointC,Min DewpointC,Max Humidity, Mean Humidity, Min Humidity, Max Sea Level PressurehPa, Mean Sea Level PressurehPa, Min Sea Level PressurehPa, Max VisibilityKm, Mean VisibilityKm, Min VisibilitykM, Max Wind SpeedKm/h, Mean Wind SpeedKm/h, Max Gust SpeedKm/h,Precipitationmm, CloudCover, Events,WindDirDegrees
2015-1-1,25,21,17,17,16,15,87,73,58,1013,1011,1009,16,16,16,21,7,27,0.00,7,,270
2015-1-2,26,23,19,19,18,17,93,81,69,1010,1006,998,16,16,4,39,9,53,T,6,Rain,274
2015-1-3,29,23,17,21,16,11,82,61,40,1006,1000,996,16,16,16,40,16,53,T,3,,1
2015-1-4,26,21,15,16,12,9,84,63,42,1012,1009,1005,16,16,16,32,13,40,0.00,3,,278
2015-1-5,27,21,16,17,14,10,87,71,54,1014,1013,1011,16,16,16,21,11,27,0.00,3,,276
2015-1-6,26,21,16,19,16,12,78,69,60,1015,1013,1011,16,16,16,39,19,53,0.00,4,,327
2015-1-7,26,22,18,14,13,11,68,57,46,1016,1014,1013,16,16,16,29,19,40,0.00,7,,340
2015-1-8,26,23,19,15,13,12,68,57,45,1017,1016,1014,16,16,16,16,10,19,0.00,7,,212
2015-1-9,28,23,18,17,14,11,73,61,48,1017,1016,1014,16,16,16,24,11,31,0.00,7,,200
2015-1-10,27,23,19,19,16,11,90,70,49,1016,1015,1013,16,16,16,23,10,27,0.51,6,Rain,216
2015-1-11,28,23,18,19,17,12,84,71,58,1015,1013,1012,16,16,16,21,8,27,0.00,7,,196
2015-1-12,27,23,18,19,17,11,87,72,57,1015,1014,1013,16,16,16,24,10,31,0.00,6,,193
2015-1-13,28,23,18,19,16,9,84,70,56,1016,1015,1013,16,15,10,21,10,27,0.00,5,,182
2015-1-14,28,23,18,19,17,13,79,66,53,1018,1016,1015,16,16,16,24,12,32,0.00,5,,180
2015-1-15,29,24,19,18,16,13,79,61,43,1020,1017,1015,16,16,16,26,11,,0.00,4,,186
2015-1-16,28,23,17,19,16,11,87,66,45,1020,1018,1015,16,16,16,24,10,31,0.00,3,,206
2015-1-17,28,23,18,18,16,10,84,68,51,1019,1017,1014,16,16,16,23,11,29,T,4,,203
2015-1-18,28,23,18,21,17,11,87,71,55,1019,1017,1015,16,16,16,26,9,29,0.51,7,,213
2015-1-19,29,23,17,20,18,16,93,74,55,1019,1017,1016,16,16,16,27,11,34,T,5,,182
2015-1-20,29,24,19,19,16,13,90,67,43,1019,1017,1014,16,16,16,23,9,29,T,3,Rain,186
2015-1-21,29,24,18,19,16,13,84,65,46,1017,1015,1013,16,16,16,29,12,37,0.00,4,,196
2015-1-22,28,23,17,20,17,12,84,71,57,1017,1015,1014,16,16,16,24,9,29,0.00,5,,168
2015-1-23,29,23,16,19,17,13,90,69,47,1017,1015,1013,16,16,16,34,11,39,0.00,2,,186
2015-1-24,29,24,19,22,19,12,93,70,47,1017,1016,1014,16,16,16,26,14,34,18.80,6,Rain,336
2015-1-25,25,23,21,21,21,19,93,85,76,1017,1015,1014,16,12,2,29,18,42,41.15,8,Rain,22
2015-1-26,25,22,19,19,17,14,93,74,54,1016,1014,1013,16,16,3,24,13,31,9.91,8,Rain,1
2015-1-27,27,23,18,18,16,15,87,70,52,1016,1015,1013,16,16,16,26,10,31,0.25,7,Rain,201
2015-1-28,27,23,19,19,17,13,87,71,54,1016,1014,1012,16,16,16,23,9,35,0.00,7,,201
2015-1-29,31,24,18,19,17,14,87,66,44,1014,1012,1010,16,16,16,35,12,52,0.00,2,,234
2015-1-30,28,23,18,21,18,13,84,68,51,1016,1014,1012,16,16,16,14,7,18,0.00,6,,202
2015-1-31,29,25,21,21,19,18,90,74,58,1017,1015,1013,16,16,16,29,9,37,T,7,,185
2015-2-1,29,24,19,19,18,16,90,73,55,1016,1014,1012,16,16,16,27,10,35,T,6,Rain,175
2015-2-2,31,24,16,18,16,13,87,62,37,1014,1011,1007,16,16,16,37,15,55,0.00,1,,182
2015-2-3,30,24,18,20,17,15,87,65,43,1010,1009,1007,16,16,16,16,8,23,0.00,1,,264
2015-2-4,30,25,19,20,18,16,79,64,48,1010,1009,1007,16,16,16,23,10,32,0.00,1,,237
2015-2-5,29,23,18,21,18,16,87,71,55,1010,1008,1006,16,16,16,23,7,27,T,4,,155
2015-2-6,27,23,19,19,16,12,87,69,50,1015,1012,1009,16,16,16,23,9,32,0.00,6,,163
2015-2-7,28,22,17,18,14,8,84,64,43,1018,1016,1014,16,16,16,27,13,37,T,4,Rain,309
2015-2-8,28,22,17,19,16,12,87,71,54,1017,1015,1012,16,16,16,24,11,34,0.00,4,,177
2015-2-9,28,23,18,19,17,14,90,76,62,1014,1012,1009,16,16,16,21,6,27,T,4,,276
2015-2-10,29,24,18,21,19,17,90,74,58,1012,1010,1008,16,16,16,19,8,26,T,5,,317
2015-2-11,29,24,20,20,17,14,90,67,43,1013,1011,1008,16,16,16,26,9,32,0.00,6,,249
2015-2-12,28,23,19,19,17,13,84,66,47,1015,1013,1011,16,16,16,23,8,27,T,6,Rain,206
2015-2-13,28,23,17,20,17,14,87,71,54,1012,1009,1007,16,16,16,27,11,35,0.00,1,,299
2015-2-14,32,25,18,19,17,15,87,64,40,1008,1005,1003,16,16,16,24,9,31,0.00,2,,290
2015-2-15,26,24,22,21,17,16,87,72,56,1016,1012,1008,16,16,16,39,17,50,0.00,7,,352
2015-2-16,28,23,17,18,16,10,84,68,51,1017,1015,1014,16,16,16,26,12,35,0.00,4,,197
2015-2-17,28,23,18,17,16,13,87,67,47,1018,1016,1014,16,16,16,32,14,39,0.00,1,,195
2015-2-18,29,23,18,18,17,13,79,62,44,1017,1016,1014,16,16,16,27,13,35,0.00,4,,182
2015-2-19,31,25,19,19,17,14,90,68,46,1016,1014,1010,16,16,16,32,12,40,0.00,2,,180
2015-2-20,28,25,21,21,19,15,87,75,62,1015,1014,1012,16,16,16,23,11,27,2.03,6,Rain,350
2015-2-21,24,22,21,22,21,19,100,90,79,1016,1015,1013,16,13,3,24,13,34,106.68,8,Rain,354
2015-2-22,27,24,21,21,20,19,97,82,67,1017,1015,1014,16,16,16,29,12,35,4.57,7,Rain,165
2015-2-23,28,24,19,19,18,15,90,74,58,1019,1016,1014,16,16,16,24,12,32,0.25,5,Rain,206
2015-2-24,28,23,18,19,17,12,93,78,62,1019,1017,1015,16,16,16,26,13,39,5.08,6,Rain,214
2015-2-25,28,23,17,20,17,12,100,76,51,1017,1015,1013,16,16,16,19,10,26,3.56,6,Rain,274
2015-2-26,29,24,19,21,19,17,90,74,58,1016,1014,1013,16,16,16,35,14,43,0.00,1,,174
2015-2-27,29,24,18,21,19,14,87,71,55,1015,1014,1012,16,16,16,32,13,39,0.00,3,,189
2015-2-28,28,24,20,22,20,17,97,78,58,1015,1014,1011,16,16,16,21,8,27,12.19,6,Rain,95
2015-3-1,28,23,19,22,19,17,93,80,67,1017,1015,1013,16,16,16,27,8,32,18.80,6,Rain-Thunderstorm,223
2015-3-2,26,23,19,22,19,17,100,86,71,1018,1016,1014,16,14,3,26,9,31,29.97,6,Rain,218
2015-3-3,28,23,19,22,20,16,93,80,67,1017,1015,1013,16,16,16,21,10,26,26.92,7,Rain,312
2015-3-4,24,22,19,21,18,14,100,77,54,1017,1015,1013,16,12,3,40,11,53,60.71,8,Rain,289
2015-3-5,26,22,18,19,18,16,93,76,58,1016,1013,1011,16,16,10,29,13,40,12.95,6,Rain,317
2015-3-6,23,21,19,19,18,17,100,90,79,1014,1012,1011,16,11,2,35,19,50,25.15,8,Rain,340
2015-3-7,23,21,18,17,16,14,87,78,68,1013,1012,1011,16,16,5,37,18,43,T,7,Rain,339
2015-3-8,21,20,19,19,18,16,93,85,76,1014,1012,1009,16,14,3,23,6,34,1.02,8,Rain,334
2015-3-9,22,21,19,19,18,17,93,86,78,1015,1013,1012,16,14,4,24,11,31,6.35,8,Rain,339
2015-3-10,24,22,18,18,17,16,93,79,64,1014,1013,1011,16,16,16,24,14,31,T,7,,316
2015-3-11,25,22,18,19,18,17,93,79,64,1013,1012,1010,16,16,16,13,6,16,0.76,7,Rain,263
2015-3-12,24,22,19,20,19,17,100,82,64,1016,1013,1011,16,16,16,23,9,31,0.51,7,Rain,342
2015-3-13,24,22,19,18,14,11,87,68,49,1022,1019,1015,16,16,16,37,23,50,0.00,6,,348
2015-3-14,25,23,20,13,11,9,55,49,43,1023,1021,1020,16,16,16,32,18,43,0.00,7,,355
2015-3-15,26,23,19,16,14,12,73,58,43,1022,1019,1017,16,16,16,24,12,35,T,8,Rain,322
2015-3-16,27,23,18,16,14,12,78,65,51,1018,1017,1015,16,16,16,23,10,29,0.00,6,,214
2015-3-17,28,23,18,18,14,11,81,63,45,1019,1017,1016,16,16,16,24,13,31,0.00,5,,199
2015-3-18,29,23,17,19,16,11,84,67,49,1020,1018,1015,16,16,16,34,14,42,0.00,2,,180
2015-3-19,28,23,18,19,18,15,87,73,58,1021,1019,1017,16,15,10,23,9,29,0.25,4,Rain,313
2015-3-20,28,23,17,21,18,12,90,72,54,1021,1020,1018,16,14,2,26,13,31,3.30,6,Rain,352
2015-3-21,28,23,19,19,18,17,93,76,58,1021,1020,1017,16,13,3,24,12,29,7.11,6,Rain,221
2015-3-22,28,23,19,19,18,15,93,74,55,1021,1020,1018,16,15,4,24,13,31,3.30,6,Rain,220
2015-3-23,28,24,19,19,18,17,93,74,54,1020,1019,1017,16,15,4,24,10,31,1.27,6,Rain,214
2015-3-24,27,23,18,19,17,14,87,74,60,1020,1018,1016,16,16,11,21,10,26,0.00,5,,193
2015-3-25,28,23,18,21,18,14,87,73,58,1020,1019,1017,16,16,11,23,10,32,0.00,4,,344
2015-3-26,28,25,22,21,19,18,79,69,58,1023,1020,1019,16,16,11,27,19,34,T,5,Rain,56
2015-3-27,27,23,19,19,18,16,93,78,62,1023,1021,1020,16,14,3,27,12,42,7.37,5,Rain,206
2015-3-28,28,23,18,21,19,14,93,76,58,1023,1022,1020,16,14,3,26,11,32,4.57,7,Rain,194
2015-3-29,28,24,19,20,18,16,87,73,58,1022,1021,1019,16,16,11,35,13,39,0.51,6,Rain,196
2015-3-30,28,24,19,20,18,17,100,79,58,1022,1020,1017,16,13,2,26,11,32,3.81,7,Rain,203
2015-3-31,29,24,20,20,19,18,90,73,55,1019,1017,1015,16,16,8,27,13,35,T,7,Rain,188
2015-4-1,29,24,20,19,19,17,93,71,48,1018,1016,1014,16,16,11,23,10,29,0.25,5,Rain,162
2015-4-2,29,25,21,20,18,15,84,71,58,1018,1016,1014,16,16,16,27,11,39,T,6,Rain,210
2015-4-3,29,25,21,21,20,19,90,75,59,1018,1017,1015,16,16,16,29,12,40,T,6,Rain,183
2015-4-4,28,24,20,21,20,18,90,79,67,1020,1017,1016,16,12,2,27,11,34,9.40,7,Rain,188
2015-4-5,28,24,21,21,19,17,97,78,58,1019,1017,1015,16,15,11,26,9,32,0.25,7,Rain,68
2015-4-6,27,23,19,19,18,17,93,76,58,1019,1016,1014,16,14,2,26,11,31,16.51,5,Rain,326
2015-4-7,27,23,18,19,18,17,100,81,62,1018,1017,1015,16,12,2,26,10,31,8.38,7,Rain,283
2015-4-8,27,23,18,20,18,15,93,80,67,1020,1018,1016,16,12,1,29,13,35,16.00,7,Rain,241
2015-4-9,26,23,19,20,19,17,100,85,69,1020,1019,1016,16,10,1,26,10,34,12.19,8,Rain,322
2015-4-10,26,22,18,21,19,17,93,79,64,1020,1019,1017,16,10,2,24,10,31,2.79,7,Rain,279
2015-4-11,27,23,19,20,19,17,100,77,54,1020,1019,1016,16,9,1,26,11,32,29.72,7,Rain,270
2015-4-12,27,23,19,20,19,17,93,78,62,1020,1019,1016,16,11,2,23,11,27,10.41,7,Rain,313
2015-4-13,26,22,18,21,19,15,93,85,76,1021,1019,1017,16,12,3,32,10,34,14.73,7,Rain,282
2015-4-14,26,23,19,21,19,18,93,82,71,1021,1019,1017,16,14,3,21,10,23,7.87,7,Rain,243
2015-4-15,25,23,20,21,19,18,93,84,74,1020,1018,1016,16,13,3,21,9,23,10.41,7,Rain,276
2015-4-16,27,22,17,22,19,17,93,81,69,1019,1017,1015,16,10,1,21,10,26,10.16,6,Fog-Rain,263
2015-4-17,27,23,19,21,19,18,97,78,58,1021,1018,1016,16,10,1,21,9,26,55.12,7,Rain,253
2015-4-18,28,23,18,19,17,16,93,72,51,1022,1021,1019,16,15,8,24,11,32,1.02,4,Rain,270
2015-4-19,27,23,19,20,18,17,93,77,60,1022,1021,1019,16,14,3,26,12,32,4.57,7,Rain,272
2015-4-20,27,23,19,21,19,18,100,84,67,1021,1019,1017,16,12,2,35,9,43,6.10,7,Rain,285
2015-4-21,28,23,18,19,18,15,93,71,49,1020,1018,1016,16,13,3,29,14,40,6.10,7,Rain,197
2015-4-22,29,24,20,20,19,18,93,74,55,1019,1017,1015,16,12,3,32,13,42,8.38,7,Rain,185
2015-4-23,28,24,21,19,19,18,90,74,58,1019,1017,1015,16,15,5,37,14,45,1.27,6,Rain,188
2015-4-24,28,25,21,20,19,18,90,76,62,1019,1017,1015,16,15,2,32,11,50,3.81,6,Rain,184
2015-4-25,28,24,20,22,19,18,90,74,58,1017,1016,1014,16,14,2,35,14,43,0.51,7,Rain,173
2015-4-26,29,24,19,22,19,16,87,75,63,1017,1016,1014,16,16,6,32,13,40,0.00,6,Rain,189
2015-4-27,29,24,19,21,19,18,93,76,58,1020,1017,1015,16,16,13,23,9,29,0.00,6,Rain,135
2015-4-28,28,25,21,20,19,17,97,78,58,1021,1019,1017,16,16,14,26,10,32,0.76,6,Rain,300
2015-4-29,27,24,20,21,19,18,90,76,62,1021,1020,1018,16,14,3,26,11,32,3.30,7,Rain,254
2015-4-30,28,24,19,21,19,17,90,74,58,1021,1019,1017,16,14,3,26,14,32,9.65,6,Rain,231
2015-5-1,26,22,17,21,18,14,90,80,69,1020,1019,1017,16,15,4,26,9,31,3.30,6,Rain,250
2015-5-2,28,23,19,19,18,17,93,76,58,1019,1017,1016,16,14,3,27,13,34,3.81,6,Rain,247
2015-5-3,27,23,19,19,18,17,93,76,58,1019,1017,1015,16,11,3,26,11,31,12.19,7,Rain,256
2015-5-4,27,23,19,19,18,16,93,78,62,1020,1018,1016,16,13,3,35,12,42,4.57,7,Rain,239
2015-5-5,24,22,19,20,18,17,90,85,79,1020,1019,1017,16,13,3,26,11,29,5.08,7,Rain,238
2015-5-6,28,23,19,19,18,17,93,74,54,1018,1017,1015,16,15,3,24,10,32,2.03,5,Rain,185
2015-5-7,29,24,18,20,18,15,93,72,51,1017,1016,1015,16,15,3,24,12,29,1.52,5,Rain,287
2015-5-8,28,24,20,21,19,18,93,76,58,1019,1016,1015,16,13,3,27,12,37,2.79,6,Rain,250
2015-5-9,28,24,20,21,19,18,90,76,62,1020,1018,1017,16,12,3,35,12,40,6.10,7,Rain,268
2015-5-10,27,24,21,21,19,17,90,77,64,1021,1019,1017,16,13,3,29,14,37,14.99,8,Rain,333
2015-5-11,25,22,19,21,19,16,90,79,68,1021,1019,1017,16,11,2,24,8,27,3.30,7,Rain,349
2015-5-12,27,23,20,20,19,18,97,80,62,1020,1019,1016,16,12,3,24,11,34,13.72,7,Rain,313
2015-5-13,27,23,19,20,18,17,100,81,62,1020,1018,1016,16,11,2,26,11,31,16.76,7,Rain,271
2015-5-14,27,23,18,21,18,16,93,80,67,1020,1018,1016,16,14,3,24,8,27,5.59,6,Rain,243
2015-5-15,28,23,18,20,18,14,84,69,54,1021,1019,1017,16,15,3,26,12,31,0.00,5,Rain,182
2015-5-16,28,24,19,21,19,17,93,78,62,1020,1019,1017,16,15,6,23,11,27,0.51,5,Rain,295
2015-5-17,27,24,21,21,19,18,90,79,67,1020,1019,1017,16,12,1,21,9,29,12.70,7,Rain,258
2015-5-18,27,23,18,21,18,16,87,77,67,1022,1020,1018,16,16,11,26,10,34,0.51,6,Rain,154
2015-5-19,28,24,20,21,19,17,97,80,62,1022,1021,1019,16,12,3,24,12,31,9.65,7,Rain,256
2015-5-20,27,23,20,20,19,18,93,78,62,1021,1019,1017,16,14,3,21,9,24,0.51,7,Rain,329
2015-5-21,28,23,18,19,17,15,87,73,58,1017,1015,1013,16,16,16,23,11,29,0.00,6,,202
2015-5-22,28,23,18,19,18,16,93,74,54,1016,1015,1013,16,16,11,16,7,21,0.00,5,,258
2015-5-23,28,24,20,21,19,16,81,74,67,1019,1017,1015,16,14,3,27,11,35,2.29,7,Rain,335
2015-5-24,26,23,21,18,17,16,84,73,62,1018,1017,1015,16,16,16,26,14,34,0.00,8,,342
2015-5-25,26,23,20,17,17,16,73,67,60,1016,1015,1013,16,16,16,16,11,24,0.00,7,,330
2015-5-26,24,22,20,19,17,14,78,69,60,1016,1014,1013,16,15,10,13,7,16,0.00,8,,155
2015-5-27,23,22,20,21,19,18,93,89,84,1015,1014,1013,16,9,2,11,5,14,2.79,8,Rain,329
2015-5-28,26,23,21,22,21,19,100,87,74,1016,1014,1013,16,15,10,27,9,34,T,8,Rain,330
2015-5-29,28,24,20,22,21,18,93,81,69,1016,1015,1013,16,13,4,23,9,31,0.00,6,Rain,327
2015-5-30,28,25,21,22,21,20,97,81,65,1016,1015,1013,16,14,4,24,11,29,0.25,7,Rain,314
2015-5-31,28,25,21,22,22,20,97,83,69,1016,1015,1013,16,16,10,24,12,29,T,7,Rain,59
2015-6-1,28,24,21,23,22,21,100,85,69,1019,1016,1015,16,8,2,24,11,31,35.31,7,Rain,301
2015-6-2,28,24,21,22,22,20,97,83,69,1019,1017,1016,16,14,2,21,6,27,2.29,6,Rain,360
2015-6-3,28,25,22,23,21,20,100,87,74,1018,1016,1015,16,10,1,23,10,27,20.32,7,Fog-Rain,234
2015-6-4,29,26,21,22,21,19,90,75,59,1018,1016,1015,16,16,16,24,7,31,0.00,4,,56
2015-6-5,29,25,21,22,20,16,84,70,55,1018,1017,1015,16,15,5,24,11,34,0.00,5,Rain,153
2015-6-6,29,26,22,21,21,17,93,77,61,1017,1016,1015,16,16,8,23,11,29,0.51,6,Rain,317
2015-6-7,28,23,18,22,19,14,87,75,62,1018,1016,1015,16,15,3,27,10,34,2.03,5,Rain,254
2015-6-8,29,24,20,21,20,18,90,74,58,1018,1017,1015,16,15,3,24,10,32,0.25,5,Rain,332
2015-6-9,28,24,21,21,19,17,97,49,0,1017,1016,1014,16,14,1,24,0,31,7.37,7,Rain,307
2015-6-10,28,24,20,21,19,18,97,80,62,1016,1015,1013,16,13,3,23,13,27,12.95,7,Rain,266
2015-6-11,28,24,19,21,19,16,93,78,62,1016,1014,1013,16,16,16,24,11,31,T,2,Rain,108
2015-6-12,29,24,19,21,19,16,90,74,58,1016,1015,1014,16,16,16,23,12,27,T,3,,28
2015-6-13,30,26,21,21,19,16,84,73,61,1016,1015,1013,16,16,16,24,10,27,0.00,5,,226
2015-6-14,28,25,21,21,20,18,97,80,63,1015,1014,1012,16,14,3,27,9,34,1.78,8,Rain,206
2015-6-15,29,25,21,21,19,17,90,74,58,1016,1014,1013,16,15,4,26,8,31,0.25,6,Rain,279
2015-6-16,29,24,20,22,20,17,93,78,63,1016,1015,1014,16,16,16,23,11,35,0.00,5,,1
2015-6-17,28,25,21,22,21,20,100,85,69,1017,1015,1014,16,12,2,24,9,29,7.62,8,Rain,272
2015-6-18,28,25,22,23,22,21,93,81,69,1017,1016,1015,16,15,4,19,9,23,0.25,7,Rain,330
2015-6-19,29,26,22,22,21,20,100,81,61,1018,1016,1015,16,14,3,24,11,27,3.56,7,Rain,322
2015-6-20,29,26,22,22,21,17,90,78,65,1017,1016,1015,16,15,3,27,11,34,0.51,7,Rain,319
2015-6-21,29,25,21,21,20,19,97,78,58,1016,1015,1014,16,14,2,23,12,32,7.11,6,Rain,292
2015-6-22,28,24,21,21,20,18,97,78,58,1017,1015,1014,16,12,3,27,10,34,3.30,7,Rain,230
2015-6-23,29,26,21,22,21,19,90,76,61,1017,1015,1014,16,15,8,24,10,35,0.25,5,Rain,64
2015-6-24,28,25,22,22,21,18,93,79,65,1017,1016,1015,16,14,3,32,8,47,T,6,Rain,267
2015-6-25,29,25,21,22,20,17,84,73,61,1018,1016,1015,16,15,4,23,10,27,2.29,6,Rain,281
2015-6-26,29,25,21,22,21,17,79,71,63,1019,1017,1015,16,16,16,26,9,31,T,6,,190
2015-6-27,30,26,22,22,21,21,100,79,57,1018,1017,1015,16,16,14,23,9,29,0.25,6,Rain,236
2015-6-28,31,27,22,22,21,18,90,74,57,1016,1015,1014,16,16,16,21,10,35,0.00,3,,116
2015-6-29,30,26,22,23,22,21,93,79,65,1016,1015,1013,16,14,3,24,9,34,4.06,6,Rain,196
2015-6-30,31,27,22,23,21,17,87,73,58,1015,1014,1012,16,16,8,24,9,27,T,5,Rain,176
2015-7-1,31,27,23,23,22,21,93,76,59,1014,1013,1011,16,16,11,23,9,31,0.51,7,Rain,179
2015-7-2,31,27,23,23,22,21,94,78,61,1014,1013,1011,16,15,5,29,9,40,0.76,7,Rain,172
2015-7-3,31,27,22,22,19,16,87,71,55,1015,1014,1012,16,16,16,24,12,34,0.00,5,,182
2015-7-4,31,26,21,21,19,17,79,67,55,1016,1014,1013,16,16,10,23,9,29,0.00,4,,211
2015-7-5,31,26,21,22,20,17,84,73,61,1016,1015,1014,16,15,3,29,11,35,0.51,6,Rain,300
2015-7-6,31,27,22,22,21,20,87,72,57,1016,1015,1014,16,15,6,26,13,32,1.27,6,Rain,355
2015-7-7,31,26,21,23,21,19,93,77,61,1017,1015,1014,16,14,2,23,10,27,4.57,6,Rain,282
2015-7-8,31,27,22,23,22,21,93,79,65,1016,1015,1014,16,15,3,24,9,32,2.79,5,Rain,329
2015-7-9,30,27,23,23,22,21,93,79,65,1015,1014,1012,16,16,14,26,14,31,2.03,6,Rain,330
2015-7-10,31,27,24,24,23,22,94,82,70,1015,1014,1012,16,16,10,24,10,32,2.29,5,Rain,318
2015-7-11,31,27,23,24,23,19,87,78,68,1015,1014,1013,16,16,16,21,10,26,0.00,4,,53
2015-7-12,32,28,23,25,24,21,94,79,64,1016,1014,1013,16,16,16,24,9,35,0.00,5,,94
2015-7-13,31,27,22,24,23,19,100,79,57,1016,1014,1013,16,11,1,23,10,31,33.27,6,Rain,278
2015-7-14,31,26,22,23,22,21,93,77,61,1015,1014,1013,16,15,3,23,10,27,3.30,5,Rain,60
2015-7-15,31,27,22,23,22,21,93,77,61,1015,1014,1013,16,14,3,19,9,27,2.29,6,Rain,300
2015-7-16,32,27,22,24,23,21,93,76,59,1018,1016,1013,16,12,2,27,10,35,0.00,5,Rain,153
2015-7-17,29,26,22,24,22,21,100,85,70,1018,1017,1015,16,10,1,24,10,29,74.17,8,Rain,287
2015-7-18,30,27,23,23,22,21,100,81,61,1017,1015,1013,16,15,4,23,9,27,1.27,6,Rain,319
2015-7-19,29,25,21,22,21,19,100,83,65,1015,1014,1012,16,14,4,27,12,34,3.81,7,Rain,314
2015-7-20,30,26,22,22,21,20,100,80,59,1015,1013,1012,16,16,13,21,8,27,0.25,7,Rain,106
2015-7-21,31,27,22,23,22,19,87,71,55,1015,1014,1013,16,15,2,23,11,34,0.00,6,Rain,207
2015-7-22,29,26,23,22,22,21,93,81,69,1016,1015,1014,16,15,4,21,8,23,1.52,6,Rain,252
2015-7-23,30,26,21,23,22,19,90,76,61,1016,1015,1014,16,13,3,24,11,29,T,6,Rain,292
2015-7-24,30,27,23,24,22,21,93,79,65,1016,1015,1014,16,15,4,23,9,26,1.52,7,Rain,270
2015-7-25,32,27,22,23,21,18,94,72,50,1017,1015,1014,16,16,14,24,9,29,T,4,,199
2015-7-26,31,27,22,23,21,17,93,76,59,1016,1015,1013,16,16,16,24,12,29,0.25,2,,176
2015-7-27,29,26,22,24,22,19,100,85,69,1016,1015,1013,16,13,2,23,12,26,8.13,6,Rain,237
2015-7-28,31,27,22,23,22,20,93,79,65,1016,1014,1013,16,16,11,35,14,43,0.25,4,Rain,193
2015-7-29,31,26,21,23,21,17,87,72,57,1015,1014,1013,16,16,11,27,10,35,T,4,Rain,247
2015-7-30,31,26,22,24,23,18,93,82,70,1016,1015,1014,16,14,4,23,8,26,1.78,7,Rain,272
2015-7-31,31,27,23,23,23,22,94,79,63,1016,1015,1014,16,14,5,21,9,27,3.30,6,Rain,296
2015-8-1,27,24,21,24,22,19,100,88,76,1015,1014,1012,16,11,2,23,11,26,4.32,7,Rain,336
2015-8-2,26,24,23,24,23,22,100,94,88,1014,1012,1011,16,4,1,19,10,24,29.46,8,Rain,314
2015-8-3,29,26,23,25,24,23,100,87,74,1012,1011,1010,16,9,2,19,8,21,17.27,8,Rain,334
2015-8-4,29,25,21,25,23,19,100,85,70,1012,1011,1010,16,14,1,24,10,32,7.62,6,Rain,13
2015-8-5,29,27,23,24,23,21,94,82,70,1013,1012,1011,16,13,1,26,12,35,15.49,6,Fog-Rain,344
2015-8-6,31,26,21,24,22,19,90,79,68,1014,1012,1011,16,15,4,23,9,29,0.00,5,Rain,177
2015-8-7,31,27,23,25,23,22,100,85,70,1017,1014,1013,16,10,1,26,13,37,10.92,8,Rain,211
2015-8-8,31,27,23,23,22,21,94,78,61,1017,1016,1015,16,16,10,23,9,27,1.02,5,Rain,295
2015-8-9,31,27,23,23,22,19,94,78,61,1017,1016,1014,16,15,8,26,12,35,2.29,6,Rain,308
2015-8-10,31,27,22,24,22,20,93,77,61,1015,1014,1013,16,14,4,23,11,35,1.27,6,Rain,279
2015-8-11,31,27,23,25,23,20,94,81,68,1014,1013,1011,16,15,5,23,10,27,0.51,6,Rain,357
2015-8-12,31,27,24,25,24,23,94,82,70,1015,1013,1012,16,12,2,23,9,27,5.33,7,Rain,311
2015-8-13,30,27,24,25,24,23,100,93,85,1016,1014,1013,16,9,1,32,9,40,47.75,7,Rain-Thunderstorm,241
2015-8-14,27,26,23,25,23,22,100,93,85,1016,1014,1013,16,9,1,23,9,26,48.26,8,Rain,244
2015-8-15,31,26,22,23,22,21,93,77,61,1016,1014,1013,16,16,14,19,9,27,0.25,5,Rain,253
2015-8-16,31,27,22,25,23,18,87,76,65,1015,1014,1012,16,16,16,26,12,34,0.00,5,Rain,158
2015-8-17,32,28,24,25,23,22,94,79,63,1014,1013,1011,16,10,1,23,11,35,T,7,Fog-Rain,216
2015-8-18,30,26,22,24,23,22,100,83,65,1014,1011,1009,16,13,3,26,10,32,4.57,6,Rain,198
2015-8-19,31,27,23,24,23,22,93,78,63,1013,1011,1009,16,14,4,29,13,35,3.30,6,Rain,178
2015-8-20,31,27,23,24,23,22,94,79,63,1014,1013,1012,16,16,14,23,10,32,0.25,4,,150
2015-8-21,31,27,23,24,23,22,100,83,65,1015,1014,1012,16,11,2,26,14,31,8.89,7,Rain,208
2015-8-22,32,29,25,27,25,24,100,82,64,1014,1013,1011,16,12,1,37,15,45,38.86,6,Rain,173
2015-8-23,31,28,24,26,24,23,91,83,74,1014,1013,1011,16,16,11,23,11,35,0.00,6,Rain,174
2015-8-24,27,26,24,24,24,23,100,93,85,1014,1012,1011,16,11,3,21,7,23,20.57,6,Rain,217
2015-8-25,31,27,22,25,24,21,100,85,70,1013,1012,1011,16,15,4,27,8,35,T,4,Rain-Thunderstorm,189
2015-8-26,31,27,22,24,23,21,93,81,68,1013,1011,1009,16,16,16,24,10,31,0.00,3,,175
2015-8-27,32,27,22,23,22,20,94,78,61,1013,1012,1010,16,16,16,26,12,31,0.00,2,,170
2015-8-28,32,27,22,23,22,19,87,70,52,1014,1012,1011,16,16,16,23,10,32,0.00,2,,174
2015-8-29,32,27,22,23,22,19,93,76,59,1013,1012,1011,16,16,16,21,11,29,0.51,2,,289
2015-8-30,32,28,23,25,23,20,100,84,68,1012,1011,1010,16,14,3,19,10,24,7.62,4,Rain,310
2015-8-31,32,27,23,26,23,19,84,76,68,1011,1010,1009,16,16,16,32,14,43,0.00,1,Thunderstorm,341
2015-9-1,33,28,23,27,24,22,94,82,70,1011,1010,1008,16,15,11,24,10,29,0.00,1,Thunderstorm,224
2015-9-2,34,29,23,25,23,21,87,76,64,1013,1011,1010,16,16,13,32,12,42,T,2,,168
2015-9-3,32,27,23,24,23,21,94,81,68,1013,1012,1011,16,16,14,27,10,35,0.00,5,,152
2015-9-4,32,27,22,23,22,18,94,77,59,1012,1011,1009,16,16,13,21,10,29,T,5,Rain,325
2015-9-5,32,27,22,23,21,19,94,77,59,1012,1010,1009,16,16,16,23,12,27,T,2,,294
2015-9-6,33,28,22,25,22,18,84,73,62,1013,1011,1010,16,15,4,23,12,32,1.02,3,Rain,246
2015-9-7,32,27,22,24,23,21,93,76,59,1014,1013,1011,16,16,14,19,9,23,0.00,3,,275
2015-9-8,33,28,24,25,23,21,94,77,60,1014,1012,1010,16,16,11,23,8,27,0.00,7,Rain,271
2015-9-9,33,29,24,24,23,21,91,75,49,1012,1010,1008,16,16,16,27,8,37,T,5,,171
2015-9-10,32,28,24,24,23,22,96,85,60,1013,1011,1009,16,14,3,29,11,35,1.52,7,Rain,188
2015-9-11,31,27,23,24,23,21,96,81,60,1013,1011,1009,16,14,2,32,11,39,1.52,7,Rain,196
2015-9-12,30,27,23,25,24,22,97,91,71,1014,1012,1010,16,11,1,24,10,34,4.06,7,Rain,184
2015-9-13,29,26,23,25,23,22,100,92,65,1015,1014,1012,16,8,1,24,10,31,48.01,8,Fog-Rain,233
2015-9-14,31,27,23,24,23,21,96,85,58,1015,1014,1011,16,13,3,23,8,26,3.05,6,Rain,259
2015-9-15,28,26,23,26,23,20,97,89,77,1017,1015,1013,16,13,1,23,10,37,7.11,7,Rain,232
2015-9-16,31,27,23,24,23,22,100,92,58,1017,1016,1014,16,9,1,26,8,31,5.33,8,Fog-Rain,247
2015-9-17,31,27,23,23,22,21,97,84,57,1016,1014,1012,16,15,3,26,10,27,6.35,7,Rain,257
2015-9-18,28,25,21,23,22,19,97,91,69,1014,1013,1011,16,10,0,26,10,32,57.40,6,Fog-Rain,254
2015-9-19,31,27,22,24,23,19,100,86,60,1013,1012,1010,16,13,1,19,10,26,1.02,6,Rain,250
2015-9-20,26,24,23,26,24,22,100,97,91,1014,1012,1011,16,6,1,29,10,43,150.88,8,Fog-Rain,277
2015-9-21,31,28,24,24,23,21,100,86,57,1014,1012,1011,16,14,2,27,11,37,16.51,7,Rain,186
2015-9-22,30,26,22,23,22,20,97,84,62,1014,1012,1011,16,14,3,24,10,29,1.78,7,Rain,253
2015-9-23,30,27,23,23,22,21,97,84,60,1014,1012,1010,16,13,3,24,10,29,3.81,7,Rain,256
2015-9-24,31,27,23,22,22,21,93,80,50,1014,1012,1011,16,15,4,21,10,26,0.51,6,Rain,279
2015-9-25,30,26,22,24,22,20,97,89,65,1015,1013,1011,16,9,0,27,10,35,30.23,7,Fog-Rain,246
2015-9-26,30,27,23,23,22,19,94,80,59,1016,1014,1013,16,13,3,27,14,37,8.64,7,Rain,54
2015-9-27,27,25,23,24,22,21,94,89,80,1016,1015,1013,16,9,1,24,11,34,39.12,8,Rain,230
2015-9-28,29,26,22,22,21,19,93,80,57,1016,1015,1013,16,15,3,24,11,31,9.40,8,Rain,285
2015-9-29,30,26,22,22,21,18,91,77,52,1016,1014,1012,16,14,3,21,10,26,T,7,Rain,239
2015-9-30,31,26,21,21,20,19,91,73,47,1015,1014,1012,16,16,16,23,10,29,T,5,,270
2015-10-1,30,25,20,21,18,16,84,67,47,1013,1011,1009,16,16,16,21,10,26,T,2,,284
2015-10-2,29,25,21,22,20,16,93,80,59,1010,1009,1007,16,13,3,23,6,27,4.83,7,Rain,291
2015-10-3,27,24,22,24,22,20,100,91,73,1010,1009,1007,16,7,1,23,10,29,8.89,8,Fog-Rain,328
2015-10-4,31,27,23,25,23,18,100,85,55,1009,1008,1006,16,14,1,29,8,34,16.76,5,Rain,182
2015-10-5,31,26,21,24,21,16,87,72,60,1008,1006,1004,16,16,16,21,10,26,0.00,2,,278
2015-10-6,29,26,23,23,22,15,94,82,56,1007,1005,1004,16,14,4,39,24,50,3.81,6,Rain,349
2015-10-7,29,24,19,21,18,16,81,65,44,1011,1008,1006,16,16,16,32,11,40,0.00,4,,332
2015-10-8,31,26,21,22,20,18,87,73,52,1015,1012,1010,16,16,13,23,8,27,0.00,5,Rain,217
2015-10-9,31,26,21,24,21,16,94,79,50,1018,1016,1014,16,13,1,23,11,27,0.00,5,Rain,249
2015-10-10,29,26,23,26,23,21,96,91,72,1017,1016,1015,16,10,1,27,8,35,15.75,7,Rain,232
2015-10-11,31,28,25,24,24,22,96,84,60,1017,1016,1014,16,15,10,24,5,31,1.02,6,,153
2015-10-12,31,27,23,23,21,18,87,72,57,1016,1014,1012,16,16,16,21,10,24,T,4,,235
2015-10-13,30,26,21,22,20,16,81,70,50,1013,1012,1011,16,16,16,19,10,26,T,2,,299
2015-10-14,31,26,22,24,22,16,93,79,60,1014,1012,1011,16,14,2,21,10,26,1.52,5,Rain,288
2015-10-15,29,26,23,24,23,21,94,88,77,1016,1014,1012,16,9,2,21,8,26,8.38,8,Rain,300
2015-10-16,29,27,24,24,23,20,100,91,72,1018,1015,1013,16,9,1,24,8,31,41.15,8,Fog-Rain-Thunderstorm,279
2015-10-17,32,27,22,25,23,21,94,81,67,1018,1016,1014,16,15,3,24,13,31,5.33,6,Rain,158
2015-10-18,30,27,24,24,23,18,94,82,63,1018,1017,1015,16,15,3,21,6,31,2.54,5,Rain,194
2015-10-19,31,26,21,23,20,16,90,74,50,1019,1017,1015,16,16,16,24,11,29,T,4,Rain,219
2015-10-20,31,27,22,23,22,19,90,78,55,1019,1017,1016,16,15,3,26,8,31,0.51,4,Rain,303
2015-10-21,29,26,22,24,22,20,94,89,72,1018,1016,1014,16,10,2,26,11,35,33.78,8,Rain,250
2015-10-22,30,26,22,23,22,19,94,80,57,1016,1014,1012,16,15,4,23,10,29,0.76,6,Rain,290
2015-10-23,29,26,21,23,21,16,94,81,62,1014,1013,1010,16,12,2,23,10,29,4.32,5,Rain,303
2015-10-24,30,27,23,22,21,18,94,79,52,1013,1011,1009,16,14,4,26,10,32,5.84,7,Rain,297
2015-10-25,30,25,20,22,19,16,82,70,52,1012,1011,1009,16,16,16,24,11,31,0.00,3,,298
2015-10-26,30,26,21,23,21,16,91,73,55,1014,1012,1010,16,16,16,26,11,37,0.00,3,,302
2015-10-27,30,26,22,23,21,18,93,76,57,1016,1014,1012,16,14,4,26,11,32,8.89,7,Rain,338
2015-10-28,29,26,23,22,21,20,94,79,50,1016,1015,1013,16,13,3,19,8,23,3.81,8,Rain,224
2015-10-29,31,27,22,23,22,21,94,83,60,1016,1015,1013,16,11,3,24,8,29,9.65,7,Rain,205
2015-10-30,31,27,23,24,22,18,91,79,57,1017,1016,1013,16,14,3,27,8,34,0.51,6,Rain,179
2015-10-31,32,27,22,23,21,18,90,74,50,1017,1016,1014,16,16,16,23,8,27,0.00,2,,177
2015-11-1,31,26,21,23,21,16,93,75,52,1019,1016,1014,16,14,2,26,12,34,2.03,5,Rain,201
2015-11-2,29,26,21,23,21,18,87,75,63,1017,1016,1014,16,16,13,24,10,34,T,5,Rain,194
2015-11-3,31,27,22,22,21,18,93,79,54,1018,1016,1014,16,15,5,26,11,29,4.32,5,Rain,240
2015-11-4,31,26,20,21,19,16,90,73,48,1018,1016,1014,16,16,13,23,11,31,3.81,4,Rain,211
2015-11-5,26,24,22,23,22,19,94,89,81,1020,1017,1015,16,8,1,19,8,27,7.11,8,Rain,239
2015-11-6,29,26,22,22,21,19,93,80,57,1020,1018,1017,16,16,6,27,11,39,1.02,6,Rain,238
2015-11-7,29,25,21,22,20,18,93,82,59,1020,1018,1016,16,12,3,35,9,40,7.87,7,Rain,251
2015-11-8,28,24,20,23,21,17,94,85,62,1019,1017,1015,16,12,1,24,10,31,17.27,7,Rain,272
2015-11-9,28,24,21,22,21,18,91,85,67,1020,1017,1016,16,12,1,35,10,43,24.64,7,Rain,233
2015-11-10,28,24,20,23,21,18,94,88,69,1021,1019,1017,16,9,2,23,10,39,39.88,8,Rain,221
2015-11-11,29,25,21,22,20,17,94,81,50,1021,1020,1018,16,12,3,27,10,27,17.02,7,Rain,237
2015-11-12,26,24,22,23,21,20,94,87,74,1020,1018,1016,16,13,3,34,10,40,19.56,8,Rain,255
2015-11-13,28,25,22,22,21,20,94,88,67,1018,1017,1015,16,10,1,34,12,40,44.20,7,Rain,232
2015-11-14,28,24,22,22,20,18,93,82,62,1020,1017,1016,16,14,3,26,8,34,3.05,7,Rain,279
2015-11-15,29,24,19,21,19,17,91,79,56,1020,1019,1017,16,14,3,34,11,47,8.64,7,Rain,234
2015-11-16,28,24,21,21,19,18,93,81,49,1018,1017,1014,16,14,2,19,10,,1.02,6,Rain,227
2015-11-17,26,23,21,22,20,18,93,84,72,1017,1016,1014,16,13,3,23,8,32,2.03,7,Rain,228
2015-11-18,29,25,21,23,21,18,94,86,65,1016,1014,1012,16,8,1,24,7,31,91.44,7,Rain,236
2015-11-19,26,24,22,24,22,21,100,94,90,1015,1013,1011,16,5,1,21,10,29,86.87,8,Rain,219
2015-11-20,27,24,22,23,22,21,96,90,79,1015,1013,1012,16,11,3,27,9,39,13.21,8,Rain,193
2015-11-21,29,25,21,23,21,19,91,82,59,1014,1013,1010,16,16,10,27,10,39,0.00,5,Rain,173
2015-11-22,31,26,22,22,21,20,90,79,59,1012,1010,1008,16,16,16,29,9,35,T,7,,165
2015-11-23,31,26,21,23,22,19,97,78,57,1012,1010,1009,16,15,10,19,6,,0.00,6,,326
2015-11-24,29,26,23,22,21,20,91,78,57,1014,1011,1009,16,16,14,23,7,27,T,6,Rain,161
2015-11-25,29,26,21,22,21,18,91,78,47,1016,1014,1013,16,16,16,19,8,23,T,4,Rain,245
2015-11-26,29,25,21,22,21,18,94,83,52,1017,1016,1014,16,13,3,21,8,23,4.06,7,Rain,288
2015-11-27,29,25,21,23,21,20,96,87,61,1019,1017,1016,16,11,1,26,8,31,24.89,7,Rain,245
2015-11-28,29,26,21,22,21,19,97,87,57,1018,1017,1015,16,9,2,32,13,43,25.65,7,Rain,353
2015-11-29,28,24,21,22,20,18,91,79,51,1020,1019,1016,16,15,2,26,8,32,5.33,5,Rain,242
2015-11-30,29,24,19,20,19,17,93,79,56,1020,1019,1016,16,16,4,23,9,26,5.59,6,Rain,240
2015-12-1,29,24,19,21,19,17,93,78,45,1020,1018,1016,16,14,3,19,8,23,6.35,5,Rain,268
2015-12-2,29,24,20,21,19,17,90,78,49,1021,1019,1017,16,16,16,26,10,35,T,6,Rain,204
2015-12-3,29,24,19,20,18,16,90,76,54,1021,1020,1017,16,16,11,27,8,32,1.27,6,Rain,213
2015-12-4,29,24,19,19,18,16,90,73,55,1021,1019,1017,16,16,8,19,10,26,1.02,5,Rain,228
2015-12-5,29,24,18,18,16,13,81,65,48,1021,1020,1017,16,16,16,21,9,27,T,3,,223
2015-12-6,29,24,19,19,17,14,84,66,48,1022,1020,1017,16,16,14,26,12,32,T,4,Rain,193
2015-12-7,29,25,21,21,19,17,84,68,51,1022,1020,1018,16,16,16,29,11,37,0.76,5,,179
2015-12-8,29,24,19,21,19,17,90,74,58,1021,1020,1017,16,16,11,27,11,35,0.51,5,Rain,205
2015-12-9,29,25,21,21,20,18,93,74,55,1022,1020,1018,16,13,3,26,10,29,6.60,7,Rain,300
2015-12-10,26,23,21,22,21,20,97,90,82,1022,1020,1018,16,10,2,19,7,24,21.34,7,Rain,244
2015-12-11,30,26,21,21,19,17,90,69,48,1021,1020,1017,16,16,8,32,12,42,0.51,6,Rain,195
2015-12-12,28,24,21,22,20,18,93,79,65,1019,1018,1015,16,15,4,26,9,34,4.06,6,Rain,183
2015-12-13,29,24,19,21,19,15,90,74,58,1018,1016,1014,16,16,16,27,13,37,T,3,Rain,190
2015-12-14,24,23,21,23,21,19,93,89,84,1017,1016,1013,16,11,2,16,5,19,10.41,8,Rain,224
2015-12-15,28,24,21,22,20,18,93,82,71,1017,1016,1014,16,14,3,27,12,32,11.68,6,Rain,225
2015-12-16,29,24,19,21,19,18,93,76,58,1019,1017,1014,16,14,3,24,9,29,10.92,6,Rain,224
2015-12-17,28,23,18,20,18,14,90,74,58,1021,1019,1017,16,14,3,37,12,48,10.92,6,Rain,251
2015-12-18,29,24,19,21,19,17,90,74,58,1021,1020,1018,16,13,1,29,11,37,14.22,6,Rain,267
2015-12-19,26,23,19,21,19,17,93,77,60,1023,1021,1019,16,11,2,26,10,35,44.45,7,Rain,247
2015-12-20,28,24,19,19,18,16,93,74,54,1024,1022,1020,16,13,3,40,12,48,22.35,7,Rain,233
2015-12-21,27,23,19,21,19,18,97,82,67,1022,1021,1018,16,10,2,32,12,35,35.81,7,Rain,230
2015-12-22,27,23,19,22,20,18,97,87,76,1020,1018,1016,16,9,1,21,7,31,71.88,8,Rain-Thunderstorm,254
2015-12-23,28,23,19,22,19,17,93,80,67,1019,1017,1015,16,15,4,21,9,27,4.32,5,Rain,227
2015-12-24,27,22,17,22,19,13,90,82,73,1018,1016,1014,16,12,1,21,9,26,12.45,6,Rain,268
2015-12-25,27,23,19,22,19,18,97,80,62,1019,1017,1016,16,14,4,26,10,32,7.87,7,Rain,340
2015-12-26,27,23,19,22,20,18,100,81,62,1020,1018,1016,16,14,3,27,9,34,14.73,6,Rain,279
2015-12-27,27,22,18,22,19,16,97,89,81,1019,1016,1014,16,11,3,21,9,26,22.35,7,Rain,249
2015-12-28,29,24,20,21,20,18,93,80,67,1016,1014,1011,16,13,3,24,9,29,20.83,7,Rain,202
2015-12-29,28,23,18,22,19,14,93,79,65,1014,1012,1010,16,16,16,14,6,21,0.00,2,,165
2015-12-30,28,23,19,21,18,14,93,79,64,1017,1015,1013,16,16,16,24,14,32,T,4,,335
2015-12-31,28,23,18,21,18,15,90,74,58,1019,1017,1015,16,14,4,19,8,24,0.51,3,Rain,222