D,M,A,Max TemperatureC,Mean TemperatureC,Min TemperatureC,Dew PointC,MeanDew PointC,Min DewpointC,Max Humidity,Mean Humidity,Min Humidity,Max Wind SpeedKm/h,Mean Wind SpeedKm/h,Max Gust SpeedKm/h,CloudCover,Events,WindDirDegrees,PromATmax,promATmin,promhumes,promtmeanmes,maxtmes,mintmes,
1,1,2015,22,12,3,10,7,3,100,73,36,19,5,,3,121,159,17.7,5.8,65.6,17.3,26.0,8.3,
2,1,2015,26,16,6,12,9,6,100,63,26,19,10,,5,,183,,,66.4,16.3,25.1,7.4,
3,1,2015,27,18,8,13,10,7,95,60,22,19,6,,,,168,,,73.5,15,23.8,5.9,
4,1,2015,31,20,9,14,12,9,94,60,23,21,6,,,,199,,,90.6,12.2,17.5,6.9,
5,1,2015,24,17,9,15,12,6,100,69,42,24,6,,4,,236,,,92,10.3,14.4,6.3,
6,1,2015,22,13,5,9,6,4,87,53,26,21,11,,4,,168,,,91.9,8,11.5,4.4,
7,1,2015,26,18,10,9,7,5,76,51,19,23,13,,,,175,,,90.7,7.7,11.0,4.6,
8,1,2015,26,15,4,12,8,5,100,61,26,26,6,,,,207,,,82.7,8.4,12.4,5.4,
9,1,2015,26,19,12,13,12,10,94,67,33,19,8,,6,,202,,,82.7,8.4,14.5,5.5,
10,1,2015,23,17,9,12,9,8,94,64,30,19,10,,6,,173,,,76.4,10.6,16.7,4.5,
11,1,2015,25,16,6,10,8,6,72,53,23,26,10,,,,224,,,77,12.6,18.8,6.4,
12,1,2015,24,16,7,11,9,7,100,64,31,23,10,,4,,194,,,76.2,14,21.2,6.9,
13,1,2015,21,14,7,14,11,7,100,78,53,21,5,,6,121,268,,,,,,,
14,1,2015,27,19,11,12,10,7,96,62,20,19,8,,5,,168,,,,,,,
15,1,2015,29,18,6,13,8,5,100,56,21,19,8,,,,148,,,,,,,
16,1,2015,28,18,8,17,13,8,94,66,34,16,5,39,3,,166,,,,,,,
17,1,2015,30,21,13,16,15,13,97,68,33,21,6,,5,,184,,,,,,,
18,1,2015,26,18,11,16,14,11,98,73,47,24,6,39,2,,217,,,,,,,
19,1,2015,30,20,9,15,13,10,100,69,25,19,3,,6,121,182,,,,,,,
20,1,2015,33,21,9,14,12,8,100,59,16,21,5,,,,207,,,,,,,
21,1,2015,26,18,10,16,13,10,100,77,43,24,5,,7,,300,,,,,,,
22,1,2015,21,18,13,13,12,10,94,71,43,14,8,,7,,281,,,,,,,
23,1,2015,26,17,7,16,12,8,100,76,41,16,3,,4,121,234,,,,,,,
24,1,2015,27,19,12,15,13,8,100,69,30,14,5,,6,,266,,,,,,,
25,1,2015,28,19,10,17,13,10,100,74,42,19,5,,3,,274,,,,,,,
26,1,2015,24,19,14,16,13,9,94,71,35,21,6,,7,,254,,,,,,,
27,1,2015,22,16,8,14,9,6,94,66,26,21,8,,3,122,240,,,,,,,
28,1,2015,26,16,5,9,7,4,100,55,20,19,11,,2,,174,,,,,,,
29,1,2015,26,16,5,12,8,5,93,61,28,19,6,,,,261,,,,,,,
30,1,2015,26,16,5,12,9,5,100,73,29,19,5,,5,123,219,,,,,,,
31,1,2015,27,17,6,19,12,7,100,73,39,24,3,,3,121,227,,,,,,,
1,2,2015,29,18,7,13,11,8,100,60,26,21,6,,1,,184,,,,,,,
2,2,2015,26,18,11,13,9,6,77,55,28,19,8,,8,,227,,,,,,,
3,2,2015,22,14,7,16,11,6,100,81,56,21,5,,4,122,246,,,,,,,
4,2,2015,23,16,8,14,12,10,100,81,48,13,5,,8,123,241,,,,,,,
5,2,2015,27,17,6,15,11,7,100,75,29,27,5,,4,121,236,,,,,,,
6,2,2015,27,20,14,17,15,13,94,74,46,19,5,,5,121,249,,,,,,,
7,2,2015,22,15,8,12,11,8,100,70,41,16,8,,4,,252,,,,,,,
8,2,2015,21,13,5,13,9,5,100,81,46,21,5,,5,121,282,,,,,,,
9,2,2015,19,14,8,12,8,4,100,69,29,19,8,,5,122,237,,,,,,,
10,2,2015,23,12,2,11,7,2,100,69,33,26,5,,3,121,171,,,,,,,
11,2,2015,22,13,4,11,10,6,100,72,41,21,6,,5,121,224,,,,,,,
12,2,2015,24,17,11,13,8,5,94,59,21,26,10,,5,,174,,,,,,,
13,2,2015,26,18,9,8,7,5,72,49,20,21,14,,1,,184,,,,,,,
14,2,2015,27,17,6,12,9,5,87,55,28,24,10,,,,185,,,,,,,
15,2,2015,27,17,7,15,12,7,100,66,34,16,8,,,,203,,,,,,,
16,2,2015,27,17,6,11,9,7,100,61,21,21,6,,,,177,,,,,,,
17,2,2015,23,15,7,8,6,3,82,51,24,19,13,,,,194,,,,,,,
18,2,2015,21,13,6,6,4,1,81,51,18,26,14,,4,,176,,,,,,,
19,2,2015,23,16,8,9,7,4,76,57,30,26,13,,3,,176,,,,,,,
20,2,2015,26,16,7,12,10,7,100,69,32,13,6,,7,,214,,,,,,,
21,2,2015,26,16,6,12,10,7,100,73,27,14,3,,,121,249,,,,,,,
22,2,2015,26,16,4,20,10,5,100,76,30,14,3,,7,121,253,,,,,,,
23,2,2015,28,17,5,12,9,2,100,66,20,19,3,,2,121,218,,,,,,,
24,2,2015,26,16,6,19,11,6,94,67,33,21,5,,3,,175,,,,,,,
25,2,2015,33,21,9,13,9,3,87,51,15,19,8,,6,,152,,,,,,,
26,2,2015,32,19,7,12,9,7,93,64,16,16,3,,,,34,,,,,,,
27,2,2015,27,17,8,14,12,8,100,75,35,21,5,,1,,240,,,,,,,
28,2,2015,20,17,14,13,13,12,94,82,58,23,3,,8,,328,,,,,,,
1,3,2015,22,19,13,13,13,11,88,72,44,19,5,,7,,311,,,,,,,
2,3,2015,19,14,9,15,13,10,100,90,63,16,3,,7,123,209,,,,,,,
3,3,2015,22,16,9,13,11,8,100,83,34,19,3,,6,121,206,,,,,,,
4,3,2015,25,13,2,10,7,3,100,72,31,19,3,,0,121,241,,,,,,,
5,3,2015,25,14,3,13,9,4,100,73,32,19,5,,1,,218,,,,,,,
6,3,2015,25,18,11,15,13,10,100,79,47,21,5,,6,,312,,,,,,,
7,3,2015,22,19,14,19,16,13,100,91,78,27,14,,8,122,357,,,,,,,
8,3,2015,23,17,9,15,10,4,100,73,26,24,6,,5,121,178,,,,,,,
9,3,2015,28,16,3,12,8,3,100,63,23,16,6,,,121,213,,,,,,,
10,3,2015,28,16,4,18,10,4,100,72,37,23,5,,2,121,235,,,,,,,
11,3,2015,26,17,7,15,11,6,100,66,26,14,6,,1,,181,,,,,,,
12,3,2015,24,14,4,19,8,4,100,65,25,21,5,,2,,261,,,,,,,
13,3,2015,21,14,7,13,8,5,100,73,29,19,5,,4,121,223,,,,,,,
14,3,2015,22,12,1,8,6,2,100,69,29,19,6,,,,230,,,,,,,
15,3,2015,23,13,3,11,8,4,100,74,32,14,3,,3,121,253,,,,,,,
16,3,2015,23,16,8,17,13,7,100,85,54,37,10,,6,122,339,,,,,,,
17,3,2015,23,17,10,16,11,9,100,74,34,14,5,,7,,185,,,,,,,
18,3,2015,24,13,3,9,7,3,100,70,27,14,3,,,121,234,,,,,,,
19,3,2015,23,13,4,13,8,4,100,76,35,16,5,,8,122,233,,,,,,,
20,3,2015,21,14,7,13,8,5,100,69,27,19,6,,5,121,187,,,,,,,
21,3,2015,24,13,2,10,7,2,100,74,32,10,3,,5,,181,,,,,,,
22,3,2015,25,13,2,10,7,2,100,74,23,13,2,,1,121,244,,,,,,,
23,3,2015,28,16,3,13,8,3,100,71,28,11,2,,1,121,260,,,,,,,
24,3,2015,31,18,6,11,8,6,100,43,13,19,6,,0,,141,,,,,,,
25,3,2015,29,17,5,10,8,6,100,59,15,19,5,34,6,,142,,,,,,,
26,3,2015,27,16,5,12,9,5,100,71,26,14,3,,,,252,,,,,,,
27,3,2015,26,18,9,14,12,9,100,81,35,16,3,,6,121,222,,,,,,,
28,3,2015,22,14,7,22,11,7,100,82,42,21,5,,6,121,300,,,,,,,
29,3,2015,20,14,9,13,11,7,100,78,40,21,8,,4,122,221,,,,,,,
30,3,2015,19,11,2,9,6,2,100,73,31,21,6,,3,121,219,,,,,,,
31,3,2015,19,11,3,9,7,4,100,82,41,19,3,,5,121,28,,,,,,,
1,4,2015,16,11,6,15,12,5,100,93,67,27,10,,7,122,19,,,,,,,
2,4,2015,17,14,12,17,14,11,100,94,72,23,8,,7,122,330,,,,,,,
3,4,2015,17,13,8,14,12,9,100,91,64,16,5,,7,123,360,,,,,,,
4,4,2015,17,15,13,16,14,13,100,97,94,13,8,,8,122,75,,,,,,,
5,4,2015,20,16,11,16,14,11,100,91,68,8,3,,8,123,118,,,,,,,
6,4,2015,21,16,11,17,13,11,100,92,64,10,2,,5,121,315,,,,,,,
7,4,2015,19,16,12,17,14,12,100,93,80,16,8,,7,123,3,,,,,,,
8,4,2015,20,16,11,16,14,11,100,91,69,24,5,,6,123,308,,,,,,,
9,4,2015,19,14,9,14,12,9,100,93,55,11,3,,7,121,337,,,,,,,
10,4,2015,22,14,7,14,11,8,100,88,40,8,3,,7,121,139,,,,,,,
11,4,2015,22,13,4,15,10,5,100,89,47,8,3,,6,123,272,,,,,,,
12,4,2015,21,14,8,16,12,9,100,91,62,26,6,,6,123,337,,,,,,,
13,4,2015,18,13,9,13,11,8,100,89,46,21,5,,5,123,277,,,,,,,
14,4,2015,16,12,8,11,9,7,100,84,49,10,3,,6,121,222,,,,,,,
15,4,2015,14,9,5,11,8,6,100,93,72,8,2,,6,121,39,,,,,,,
16,4,2015,16,11,6,11,8,6,100,89,55,16,6,,6,123,316,,,,,,,
17,4,2015,17,10,4,11,8,4,100,85,48,16,5,,7,121,4,,,,,,,
18,4,2015,13,12,10,12,10,8,100,86,66,27,16,,7,122,22,,,,,,,
19,4,2015,17,11,5,11,9,6,100,86,55,16,5,,5,123,302,,,,,,,
20,4,2015,14,9,3,10,8,3,100,89,63,14,5,,6,121,197,,,,,,,
21,4,2015,15,8,0,9,5,0,100,86,56,11,3,,5,121,144,,,,,,,
22,4,2015,17,8,-1,10,5,-1,100,87,55,10,2,,3,121,1,,,,,,,
23,4,2015,14,8,2,10,6,2,100,92,64,10,2,,7,121,19,,,,,,,
24,4,2015,16,10,3,11,8,4,100,95,65,8,2,,6,121,55,,,,,,,
25,4,2015,20,13,6,14,10,7,100,92,58,10,2,,7,121,177,,,,,,,
26,4,2015,15,12,9,12,11,9,100,89,69,8,5,,7,,258,,,,,,,
27,4,2015,18,12,7,13,11,4,100,92,64,6,3,,7,123,83,,,,,,,
28,4,2015,22,14,7,14,11,7,100,90,52,6,2,,2,121,280,,,,,,,
29,4,2015,15,12,8,12,12,8,100,95,73,8,3,,7,123,235,,,,,,,
30,4,2015,16,10,4,11,9,6,100,95,60,8,3,,6,121,211,,,,,,,
1,5,2015,15,9,4,12,9,3,100,88,60,24,6,,6,123,231,,,,,,,
2,5,2015,13,8,2,7,4,2,100,86,43,11,3,,3,123,143,,,,,,,
3,5,2015,11,7,3,9,7,4,100,97,86,11,3,,8,123,62,,,,,,,
4,5,2015,14,9,5,11,9,5,100,93,69,8,3,,7,123,72,,,,,,,
5,5,2015,14,9,4,10,7,4,100,95,69,6,2,,8,121,347,,,,,,,
6,5,2015,16,10,4,10,7,4,100,91,57,8,2,,7,121,210,,,,,,,
7,5,2015,17,10,3,11,7,5,100,93,56,8,3,,4,121,169,,,,,,,
8,5,2015,15,10,5,12,10,6,100,89,59,29,8,52,7,123,21,,,,,,,
9,5,2015,16,11,7,12,11,7,100,88,66,26,14,,6,123,339,,,,,,,
10,5,2015,14,10,6,13,10,6,100,98,88,8,3,,7,123,210,,,,,,,
11,5,2015,17,12,7,14,12,6,100,98,80,6,3,,6,123,359,,,,,,,
12,5,2015,17,12,7,14,12,8,100,88,66,21,8,,6,123,351,,,,,,,
13,5,2015,16,12,8,13,11,8,100,95,73,14,5,,5,123,9,,,,,,,
14,5,2015,14,12,9,13,12,10,100,97,88,14,6,,8,123,29,,,,,,,
15,5,2015,17,15,13,15,14,13,100,94,82,37,16,50,8,122,359,,,,,,,
16,5,2015,18,16,14,15,14,13,100,90,78,42,23,61,8,122,353,,,,,,,
17,5,2015,12,11,11,13,12,11,100,97,91,11,6,,7,122,26,,,,,,,
18,5,2015,18,14,11,16,13,11,100,96,87,11,3,,7,122,82,,,,,,,
19,5,2015,17,16,13,14,12,11,94,81,65,24,11,,7,,33,,,,,,,
20,5,2015,15,13,11,13,12,10,100,86,64,26,18,,7,122,12,,,,,,,
21,5,2015,16,12,8,12,10,8,100,86,64,23,10,,6,122,352,,,,,,,
22,5,2015,14,10,7,11,9,7,100,90,70,23,11,24,6,122,329,,,,,,,
23,5,2015,12,7,2,9,5,1,100,83,44,16,6,,5,123,190,,,,,,,
24,5,2015,11,6,1,7,4,2,100,97,66,6,2,,6,121,40,,,,,,,
25,5,2015,12,7,1,7,4,1,100,94,63,11,2,,5,121,165,,,,,,,
26,5,2015,9,4,-1,7,4,0,100,93,76,10,2,,8,121,61,,,,,,,
27,5,2015,12,8,3,7,4,3,100,95,60,6,2,,6,121,23,,,,,,,
28,5,2015,10,7,3,9,7,2,100,94,37,27,8,,7,123,45,,,,,,,
29,5,2015,12,9,6,11,9,6,100,96,83,19,8,,7,123,31,,,,,,,
30,5,2015,15,12,9,12,11,9,100,89,74,26,16,,7,122,336,,,,,,,
31,5,2015,16,12,9,14,11,9,100,94,77,24,10,,7,122,32,,,,,,,
1,6,2015,16,14,12,15,14,13,100,92,85,45,23,82,8,122,327,,,,,,,
2,6,2015,16,14,13,15,13,9,94,83,67,52,37,82,8,122,311,,,,,,,
3,6,2015,16,12,8,12,9,8,100,85,61,24,13,,6,122,1,,,,,,,
4,6,2015,17,12,7,15,12,8,100,94,83,50,14,77,8,122,33,,,,,,,
5,6,2015,16,13,11,15,12,8,94,79,67,40,26,60,7,122,293,,,,,,,
6,6,2015,14,11,8,11,9,7,94,83,64,26,18,52,6,122-Hail,295,,,,,,,
7,6,2015,10,8,6,10,8,6,100,98,93,14,5,,7,122,59,,,,,,,
8,6,2015,14,11,8,10,8,8,100,90,67,23,5,,6,122,334,,,,,,,
9,6,2015,12,7,2,8,6,3,100,93,67,16,6,,5,123,350,,,,,,,
10,6,2015,11,8,4,7,6,4,100,92,68,19,5,,6,123,355,,,,,,,
11,6,2015,11,8,6,9,8,6,100,97,81,8,3,,7,123,7,,,,,,,
12,6,2015,11,8,4,8,6,5,100,94,61,10,3,,7,123,58,,,,,,,
13,6,2015,11,8,6,8,7,5,100,88,76,14,6,,7,122,290,,,,,,,
14,6,2015,11,6,2,8,6,2,100,89,72,13,6,,5,123,286,,,,,,,
15,6,2015,11,9,7,11,9,6,100,92,71,16,11,,8,122,354,,,,,,,
16,6,2015,13,9,5,10,8,5,100,93,75,16,8,,6,122,320,,,,,,,
17,6,2015,9,3,-2,4,1,-1,100,90,52,11,5,,1,121,170,,,,,,,
18,6,2015,4,1,-3,3,1,-2,100,97,87,6,2,,7,121,208,,,,,,,
19,6,2015,7,4,2,7,4,2,100,98,93,13,3,,8,123,108,,,,,,,
20,6,2015,11,8,5,9,7,5,100,98,88,8,3,,7,123,247,,,,,,,
21,6,2015,11,7,1,9,6,1,100,91,54,21,3,,6,121,210,,,,,,,
22,6,2015,9,3,-3,5,1,-3,100,91,72,11,5,,2,121,356,,,,,,,
23,6,2015,2,0,-3,2,0,-2,100,100,93,10,3,,5,121,116,,,,,,,
24,6,2015,13,6,-1,11,3,0,100,96,75,14,3,,5,123,29,,,,,,,
25,6,2015,14,13,12,13,12,11,100,90,78,16,13,,7,122,26,,,,,,,
26,6,2015,16,13,10,14,12,10,100,94,73,14,6,,8,122,246,,,,,,,
27,6,2015,11,6,1,10,5,0,100,84,60,19,8,,4,,196,,,,,,,
28,6,2015,8,3,-2,5,2,-1,100,93,69,8,2,,6,121,158,,,,,,,
29,6,2015,9,5,1,9,6,1,100,99,93,6,0,,8,123,240,,,,,,,
30,6,2015,11,9,6,10,8,7,100,95,82,8,3,,8,121,257,,,,,,,
1,7,2015,11,6,2,8,5,2,100,92,71,10,2,,6,123,42,,,,,,,
2,7,2015,13,8,3,10,6,3,100,94,56,10,5,,5,123,62,,,,,,,
3,7,2015,7,4,2,5,4,3,100,97,87,8,3,,8,121,220,,,,,,,
4,7,2015,7,4,2,6,4,3,100,95,87,27,6,,8,123,57,,,,,,,
5,7,2015,12,9,6,9,7,6,100,91,75,23,13,40,6,122,1,,,,,,,
6,7,2015,13,10,7,10,9,7,100,87,77,26,14,45,7,122,318,,,,,,,
7,7,2015,10,8,6,9,8,8,100,93,79,26,13,,8,122,24,,,,,,,
8,7,2015,13,11,8,12,9,7,94,83,71,39,21,,7,122,274,,,,,,,
9,7,2015,11,7,2,8,6,1,100,85,58,13,6,,5,123,257,,,,,,,
10,7,2015,8,4,1,7,4,2,100,99,87,21,5,,7,123,48,,,,,,,
11,7,2015,7,4,2,7,4,2,100,98,93,8,3,,8,123,150,,,,,,,
12,7,2015,9,4,-1,5,2,-1,100,81,51,23,8,,3,121,185,,,,,,,
13,7,2015,9,3,-2,7,3,-1,100,94,80,21,8,,6,123-Snow,355,,,,,,,
14,7,2015,10,6,1,8,5,1,100,94,79,26,6,,7,123,17,,,,,,,
15,7,2015,12,9,5,9,8,5,100,89,72,27,14,45,6,122,354,,,,,,,
16,7,2015,11,7,3,8,6,3,100,89,58,29,10,,7,123,13,,,,,,,
17,7,2015,11,8,5,10,8,5,100,95,84,42,18,64,8,123,324,,,,,,,
18,7,2015,9,6,3,7,6,4,100,94,82,23,6,,8,123,8,,,,,,,
19,7,2015,9,4,0,7,2,-1,100,80,41,23,8,,5,123,198,,,,,,,
20,7,2015,6,2,-2,5,1,-2,100,94,74,13,2,,7,121,48,,,,,,,
21,7,2015,9,8,6,8,6,3,100,91,71,13,8,,8,122,60,,,,,,,
22,7,2015,14,10,6,11,8,7,100,93,71,13,3,,7,123,333,,,,,,,
23,7,2015,15,12,10,12,11,9,100,88,73,21,14,,7,122,344,,,,,,,
24,7,2015,12,9,7,10,8,7,100,91,76,16,6,,7,,44,,,,,,,
25,7,2015,14,12,10,12,11,9,100,91,70,26,18,,8,122,30,,,,,,,
26,7,2015,12,12,12,12,11,10,100,93,88,26,19,,7,122,19,,,,,,,
27,7,2015,15,12,10,11,10,8,94,83,67,35,19,55,7,122,341,,,,,,,
28,7,2015,11,10,9,10,9,8,100,95,91,19,10,,7,122-Snow,50,,,,,,,
29,7,2015,13,10,7,10,8,7,100,88,64,14,8,,6,123,48,,,,,,,
30,7,2015,13,10,6,10,9,6,100,90,70,19,11,,6,122,351,,,,,,,
31,7,2015,14,10,6,9,8,7,100,84,56,29,13,45,7,122,21,,,,,,,
1,8,2015,11,9,7,8,7,6,96,83,69,34,14,53,7,122,339,,,,,,,
2,8,2015,13,10,7,8,7,6,93,79,67,40,23,63,7,122,297,,,,,,,
3,8,2015,12,9,5,8,7,5,100,93,69,11,6,,7,123,56,,,,,,,
4,8,2015,14,10,6,9,7,6,100,83,54,16,6,,7,123,53,,,,,,,
5,8,2015,12,11,9,11,8,6,100,87,66,24,13,,7,122,46,,,,,,,
6,8,2015,11,9,6,10,8,5,100,93,75,16,5,,7,123,235,,,,,,,
7,8,2015,11,8,5,8,6,1,100,87,58,14,6,,7,122,151,,,,,,,
8,8,2015,9,7,4,8,5,1,100,87,61,16,10,,7,122,194,,,,,,,
9,8,2015,10,8,7,8,6,4,100,87,54,23,8,,8,122,263,,,,,,,
10,8,2015,11,7,4,6,5,4,100,85,61,16,5,,6,,257,,,,,,,
11,8,2015,8,4,1,10,3,2,100,96,69,8,3,,7,121,44,,,,,,,
12,8,2015,11,6,1,7,4,2,100,96,69,8,3,,6,123,100,,,,,,,
13,8,2015,16,8,1,8,4,1,100,92,51,8,2,,4,123,218,,,,,,,
14,8,2015,11,6,1,8,4,1,100,90,66,32,6,,7,123,331,,,,,,,
15,8,2015,11,7,3,8,4,1,100,77,45,27,13,,6,122,187,,,,,,,
16,8,2015,12,6,-1,8,3,0,100,91,56,16,3,,5,123,276,,,,,,,
17,8,2015,11,7,2,11,8,3,100,96,91,19,10,,8,122,14,,,,,,,
18,8,2015,14,9,5,11,7,0,100,87,41,11,5,,6,123,213,,,,,,,
19,8,2015,16,9,1,10,6,2,100,88,52,8,2,,3,121,52,,,,,,,
20,8,2015,15,9,3,10,6,3,100,93,67,13,3,,7,121,330,,,,,,,
21,8,2015,12,9,7,11,8,7,100,93,81,26,8,,8,123,23,,,,,,,
22,8,2015,13,11,8,9,8,7,100,86,64,27,16,,7,122,1,,,,,,,
23,8,2015,13,10,7,9,8,7,100,85,66,21,10,,7,122,37,,,,,,,
24,8,2015,12,11,9,11,9,7,100,92,66,24,19,,8,122,33,,,,,,,
25,8,2015,14,12,11,11,11,8,100,88,72,37,18,52,8,122,346,,,,,,,
26,8,2015,13,12,10,10,9,9,100,87,72,24,11,,6,122,318,,,,,,,
27,8,2015,13,12,10,12,9,7,100,82,54,26,14,50,8,122,28,,,,,,,
28,8,2015,14,12,11,12,12,11,94,87,72,39,32,64,7,122,305,,,,,,,
29,8,2015,13,11,8,11,9,7,100,81,55,34,18,52,6,122,282,,,,,,,
30,8,2015,14,11,7,12,10,7,100,94,82,16,5,,8,123,18,,,,,,,
31,8,2015,13,8,3,9,6,4,100,83,61,13,8,,6,123,163,,,,,,,
1,9,2015,16,8,0,8,4,1,100,81,41,16,3,,2,121,199,,,,,,,
2,9,2015,15,8,0,5,3,0,100,74,34,16,5,,3,,166,,,,,,,
3,9,2015,15,8,1,5,3,0,93,71,41,21,8,,,,180,,,,,,,
4,9,2015,18,9,1,9,4,0,100,81,52,13,6,,2,,130,,,,,,,
5,9,2015,17,9,1,10,6,1,100,90,59,10,2,,6,121,343,,,,,,,
6,9,2015,13,9,5,12,9,5,100,98,88,14,3,,7,123,324,,,,,,,
7,9,2015,13,10,8,11,7,3,100,80,47,23,10,,7,122,278,,,,,,,
8,9,2015,11,8,5,8,4,0,93,74,43,26,18,,7,122,278,,,,,,,
9,9,2015,10,6,1,6,2,0,100,82,40,16,5,,5,123,281,,,,,,,
10,9,2015,13,7,1,7,4,2,100,83,56,23,8,,4,122,261,,,,,,,
11,9,2015,12,6,1,6,4,1,100,87,57,19,5,,7,123,253,,,,,,,
12,9,2015,14,9,4,6,5,4,100,69,43,19,13,,4,,173,,,,,,,
13,9,2015,15,7,-2,7,3,-1,100,83,45,11,3,,5,121,180,,,,,,,
14,9,2015,12,7,1,7,4,2,100,87,52,19,3,,8,123,285,,,,,,,
15,9,2015,12,7,2,6,3,0,100,82,36,16,6,,7,122,274,,,,,,,
16,9,2015,11,4,-3,3,0,-3,100,74,30,19,3,,5,121,163,,,,,,,
17,9,2015,12,6,-2,5,2,-1,100,77,40,14,5,,4,,269,,,,,,,
18,9,2015,13,6,-1,5,2,-1,100,78,35,16,3,,4,121,178,,,,,,,
19,9,2015,15,7,-2,6,3,-1,100,77,41,19,5,,7,,162,,,,,,,
20,9,2015,19,9,0,9,5,1,100,77,40,11,3,,4,,155,,,,,,,
21,9,2015,17,9,2,10,7,3,100,84,52,13,3,,5,121,250,,,,,,,
22,9,2015,16,10,3,9,8,4,100,85,59,14,3,,6,123,313,,,,,,,
23,9,2015,17,11,6,12,9,6,100,90,49,13,3,,6,123,351,,,,,,,
24,9,2015,14,11,8,10,8,6,100,85,54,23,6,,7,122,3,,,,,,,
25,9,2015,13,9,5,9,7,4,100,83,53,21,10,,7,122,331,,,,,,,
26,9,2015,12,8,3,10,7,3,100,90,70,26,6,,7,123,340,,,,,,,
27,9,2015,12,11,9,12,10,9,100,94,88,32,16,,8,122,354,,,,,,,
28,9,2015,16,11,7,10,7,4,100,77,43,13,6,,6,,271,,,,,,,
29,9,2015,14,11,7,12,10,7,100,92,79,14,6,,8,122,36,,,,,,,
30,9,2015,13,12,11,12,12,11,100,97,94,10,5,,8,122,218,,,,,,,
1,10,2015,15,11,7,12,10,7,100,89,72,13,3,,7,122,328,,,,,,,
2,10,2015,20,13,7,11,9,7,100,78,36,14,6,,5,123,6,,,,,,,
3,10,2015,18,12,6,12,9,6,100,85,55,23,5,,7,121,310,,,,,,,
4,10,2015,16,12,9,11,9,7,94,81,60,26,11,,6,122,351,,,,,,,
5,10,2015,15,11,6,9,7,4,100,80,45,32,11,,6,122,347,,,,,,,
6,10,2015,13,8,3,7,4,2,100,70,40,26,10,,4,122,316,,,,,,,
7,10,2015,12,7,2,7,5,2,100,85,46,24,10,48,5,123,320,,,,,,,
8,10,2015,14,8,1,6,2,-1,100,76,27,19,5,,6,121,166,,,,,,,
9,10,2015,18,9,1,6,3,0,100,62,27,16,8,,2,,175,,,,,,,
10,10,2015,19,9,-1,6,3,0,100,67,22,21,6,,3,,102,,,,,,,
11,10,2015,22,11,-1,8,3,0,94,60,14,8,3,,,,-1,,,,,,,
12,10,2015,15,11,7,9,8,6,94,78,56,23,10,,8,122,360,,,,,,,
13,10,2015,13,11,9,11,9,8,100,92,70,16,11,,8,122,4,,,,,,,
14,10,2015,13,10,7,8,7,4,100,84,52,16,5,,6,123,224,,,,,,,
15,10,2015,13,8,3,6,4,1,100,76,35,13,5,,5,122,291,,,,,,,
16,10,2015,18,9,0,7,3,1,100,76,29,16,3,,6,121,159,,,,,,,
17,10,2015,21,11,1,12,5,1,100,75,44,10,5,,1,,270,,,,,,,
18,10,2015,18,14,11,10,9,7,77,66,50,10,8,,5,,93,,,,,,,
19,10,2015,18,10,2,10,8,5,100,70,54,21,6,,4,,275,,,,,,,
20,10,2015,14,11,7,9,6,4,94,75,44,11,5,,8,122,309,,,,,,,
21,10,2015,16,8,1,8,6,1,100,81,49,16,3,,4,121,254,,,,,,,
22,10,2015,20,12,5,9,6,2,100,68,22,13,5,,7,,118,,,,,,,
23,10,2015,24,13,2,11,6,2,100,72,29,16,2,,2,121,242,,,,,,,
24,10,2015,18,14,9,13,12,10,100,89,63,21,6,,7,122,41,,,,,,,
25,10,2015,17,13,9,13,11,10,100,87,66,21,6,,6,122,23,,,,,,,
26,10,2015,16,13,9,12,9,6,100,81,48,19,8,,6,122,228,,,,,,,
27,10,2015,19,11,2,10,7,2,100,79,42,16,3,,5,121,298,,,,,,,
28,10,2015,16,11,6,12,9,6,100,85,61,16,6,,6,122,304,,,,,,,
29,10,2015,15,8,2,9,6,2,100,78,37,21,6,,6,121,207,,,,,,,
30,10,2015,15,8,1,5,3,0,97,63,31,19,10,,4,,179,,,,,,,
31,10,2015,18,12,6,6,4,3,87,59,33,26,16,,,,174,,,,,,,
1,11,2015,21,14,7,12,7,4,82,65,44,19,13,,6,,180,,,,,,,
2,11,2015,21,12,4,9,7,3,93,63,28,19,11,,2,,167,,,,,,,
3,11,2015,26,14,3,14,9,3,100,71,39,14,6,,4,,189,,,,,,,
4,11,2015,24,15,6,13,9,7,100,68,40,21,5,,,121,238,,,,,,,
5,11,2015,28,17,6,13,10,7,100,71,22,13,3,,6,121,197,,,,,,,
6,11,2015,24,16,7,14,11,7,100,74,40,14,3,,,,312,,,,,,,
7,11,2015,15,11,7,10,8,6,100,84,58,19,3,,8,122,287,,,,,,,
8,11,2015,15,11,7,11,8,6,100,80,55,23,10,39,7,122,344,,,,,,,
9,11,2015,18,14,9,11,9,8,94,75,42,21,13,,5,122,315,,,,,,,
10,11,2015,22,13,4,13,9,4,100,81,47,21,5,,5,121,163,,,,,,,
11,11,2015,21,12,4,14,9,4,100,78,54,21,6,,3,,354,,,,,,,
12,11,2015,16,12,8,11,9,7,100,81,55,16,8,,7,,300,,,,,,,
13,11,2015,19,13,6,13,9,6,100,81,51,19,3,,5,,233,,,,,,,
14,11,2015,18,12,6,11,9,6,100,85,52,26,3,,7,123,292,,,,,,,
15,11,2015,18,13,11,10,10,9,91,74,55,19,6,,8,122,-1,,,,,,,
16,11,2015,17,12,8,12,9,7,96,85,55,34,13,52,8,122,289,,,,,,,
17,11,2015,14,8,2,8,6,3,100,79,43,19,6,,5,123,278,,,,,,,
18,11,2015,12,8,4,8,6,3,100,87,67,19,8,34,7,123,28,,,,,,,
19,11,2015,13,7,1,8,4,1,100,83,52,19,5,,7,121,330,,,,,,,
20,11,2015,14,11,9,12,9,7,100,88,73,16,13,,8,122,355,,,,,,,
21,11,2015,17,13,9,12,9,7,100,81,41,13,8,,7,122,334,,,,,,,
22,11,2015,19,13,7,11,9,7,100,79,50,16,3,,5,,275,,,,,,,
23,11,2015,20,13,7,12,9,7,100,82,33,21,3,,6,121,278,,,,,,,
24,11,2015,17,13,8,12,11,8,99,78,55,23,6,,6,122,319,,,,,,,
25,11,2015,16,12,8,10,9,8,100,80,56,23,10,,5,122,1,,,,,,,
26,11,2015,16,13,11,13,11,9,94,81,69,16,10,,7,122,279,,,,,,,
27,11,2015,17,12,7,10,8,7,100,74,41,21,6,,5,122,246,,,,,,,
28,11,2015,22,12,2,11,8,3,100,70,31,26,6,,1,121,170,,,,,,,
29,11,2015,24,16,6,15,11,6,100,68,39,21,11,,2,,170,,,,,,,
30,11,2015,22,16,9,12,9,8,82,63,41,19,13,37,3,,182,,,,,,,
1,12,2015,28,19,9,16,12,9,100,70,38,16,6,,7,,167,,,,,,,
2,12,2015,28,18,8,14,12,9,100,69,26,21,5,,,,294,,,,,,,
3,12,2015,23,17,11,14,12,6,100,77,32,19,5,,7,122,266,,,,,,,
4,12,2015,24,17,10,14,12,10,100,72,45,16,5,,5,,188,,,,,,,
5,12,2015,29,18,7,16,11,8,100,67,31,16,5,,,121,250,,,,,,,
6,12,2015,21,16,11,15,13,10,100,81,62,19,5,,7,,285,,,,,,,
7,12,2015,21,16,9,12,10,8,100,72,41,19,5,,6,,197,,,,,,,
8,12,2015,21,13,7,9,7,6,93,63,32,21,11,,1,,178,,,,,,,
9,12,2015,22,14,6,12,8,5,93,64,39,21,13,,4,,205,,,,,,,
10,12,2015,22,13,6,12,10,7,100,76,43,130,6,,4,,217,,,,,,,
11,12,2015,17,12,6,12,9,6,100,80,53,19,6,,7,121,282,,,,,,,
12,12,2015,15,13,12,14,12,10,100,91,76,21,13,,8,122,340,,,,,,,
13,12,2015,16,14,13,14,13,12,100,93,82,23,13,,8,122,329,,,,,,,
14,12,2015,18,10,2,9,7,3,100,64,38,14,6,,4,,201,,,,,,,
15,12,2015,22,11,1,10,7,2,100,72,31,19,5,,1,121,207,,,,,,,
16,12,2015,19,13,8,11,9,6,100,71,41,23,6,,5,,250,,,,,,,
17,12,2015,18,10,2,11,7,3,100,75,43,21,8,,5,122,209,,,,,,,
18,12,2015,9,7,4,9,6,4,100,98,93,8,2,,2,121,115,,,,,,,
19,12,2015,25,20,12,13,11,9,94,54,35,16,10,,,,201,,,,,,,
20,12,2015,16,9,4,11,8,5,100,95,72,6,2,,,121,60,,,,,,,
21,12,2015,14,12,10,13,12,10,100,89,73,21,14,,8,122,329,,,,,,,
22,12,2015,17,10,4,11,9,5,100,85,52,27,8,,6,123,340,,,,,,,
23,12,2015,16,10,4,9,7,5,100,76,40,21,8,,5,122,291,,,,,,,
24,12,2015,21,12,2,12,8,4,100,79,43,19,3,,5,123,223,,,,,,,
25,12,2015,23,13,4,14,10,5,100,78,44,19,5,,6,121,235,,,,,,,
26,12,2015,23,13,3,14,9,5,100,81,44,23,5,,4,123,214,,,,,,,
27,12,2015,24,15,6,15,12,7,100,79,41,14,5,,6,121,303,,,,,,,
28,12,2015,24,18,12,17,14,11,100,81,50,16,6,,6,122,278,,,,,,,
29,12,2015,27,17,7,15,12,8,100,72,36,19,5,,1,121,228,,,,,,,
30,12,2015,27,17,7,16,12,8,100,71,34,21,6,,1,121,225,,,,,,,
31,12,2015,28,18,8,14,12,8,100,66,24,11,5,32,,,142,,,,,,,
,,,,,,,,,,,,,,,,,,,,,,,,
,,,,,,,,,,,,,,,,,,,,,0,,,
Totales,,,25,15,5.5,12,9.5,5.5,100,69.5,30,,,,12,8,4,,5,32,,3,,150.5
2015,,,6447,4295,2121,4050,3048,1957,35972,29555,19153,,,,4555,3130,1533,,2588,1522,0,1919,0,73802
,,,6447,4295,2121,4050,3048,1957,35972,29555,19153,,,,6923,2588,1522,#REF!,1919,0,73802,202570,0,
